ID,IC50(nM),SMILES
44417456,391.0,C1=CC(=C(C=C1Br)C(=O)C2=CC=NO2)OCC(=O)O
968879,124.0,C1=CC(=C(C=C1Br)C=O)OCC(=O)O
894151,886.0,C1=CC(=C(C=C1Br)CO)OCC(=O)O
54585641,0.2,C1=CC(=C(C=C1C#N)C2=C(C=CC(=C2)C(F)(F)F)OCC(=O)O)F
46865879,680.0,C1=CC(=C(C=C1CO)F)C#CC2=C(C=CC(=C2)Cl)OCC(=O)O
44417453,3.4,C1=CC(=CC(=C1)Br)N2C=C(C=N2)C(=O)C3=C(C=CC(=C3)Br)OCC(=O)O
54587655,0.4,C1=CC(=CC(=C1)C2=C(C=CC(=C2)C(F)(F)F)OCC(=O)O)C#N
11403482,1.7,C1=CC(=CC(=C1)C2=C(C=CC(=C2)Cl)OCC(=O)O)C#N
46230425,20.0,C1=CC(=CC(=C1)C2=C(SC(=N2)C(C3=CC=C(C=C3)F)C4=CC=C(C=C4)F)CC(=O)O)C#N
46865762,29.0,C1=CC(=CC(=C1)Cl)C#CC2=C(C=CC(=C2)Cl)OCC(=O)O
11633547,1.4,C1=CC(=CC(=C1)F)C2=C(SC(=N2)C(C3=CC=C(C=C3)F)C4=CC=C(C=C4)F)CC(=O)O
46880901,1.0,C1=CC(=CC(=C1)F)C2=C(SC(=N2)C(C3=CC=C(C=C3)F)C4=CC=C(C=C4)F)CCC(=O)O
46880939,0.2,C1=CC(=CC(=C1)F)C2=C(SC(=N2)C(C3=CC=C(C=C3)F)C4=CC=C(C=C4)F)OCC(=O)O
16222207,0.012,C1=CC(=CC(=C1)F)C2=NC(=NC=C2CC(=O)O)C(C3=CC=C(C=C3)F)C4=CC=C(C=C4)F
46880246,1260.0,C1=CC(=CC(=C1)F)C2=NC(=NC=C2CC(=O)O)N(C3=CC=C(C=C3)F)C4=CC=C(C=C4)F
46880941,2070.0,C1=CC(=CC(=C1)F)C2=NC(=NC=C2CCC(=O)O)C(C3=CC=C(C=C3)F)C4=CC=C(C=C4)F
45486034,130.0,C1=CC(=CC(=C1)OC2=C(C=C(C=C2)N)NS(=O)(=O)C3=CC=C(C=C3)Cl)CC(=O)O
57396512,9.2,C1=CC(=CC(=C1)OCC(=O)O)CCCN2C=C(C=CC2=O)C(C3=CC=C(C=C3)Cl)C4=CC=C(C=C4)Cl
57394760,11.0,C1=CC(=CC(=C1)OCC(=O)O)CCCN2C=C(C=CC2=O)C(C3=CC=C(C=C3)F)C4=CC=C(C=C4)F
56594517,990.0,C1=CC(=CC(=C1)S(=O)(=O)CCO)C#CC2=C(C=CC(=C2)Cl)OCC(=O)O
46230513,140.0,C1=CC(=CC(=C1)S(=O)(=O)N)C2=C(SC(=N2)C(C3=CC=C(C=C3)F)C4=CC=C(C=C4)F)CC(=O)O
54583732,126.0,C1=CC(=CC=C1C#N)C2=C(C=CC(=C2)C(F)(F)F)OCC(=O)O
46230424,150.0,C1=CC(=CC=C1C#N)C2=C(SC(=N2)C(C3=CC=C(C=C3)F)C4=CC=C(C=C4)F)CC(=O)O
46230511,57.0,C1=CC(=CC=C1C(C2=CC=C(C=C2)F)C3=NC(=C(S3)CC(=O)O)C4=CC(=C(C=C4)F)C#N)F
11496258,3.5,C1=CC(=CC=C1C(C2=CC=C(C=C2)F)C3=NC(=C(S3)CC(=O)O)C4=CC(=C(C=C4)F)F)F
46230423,35.0,C1=CC(=CC=C1C(C2=CC=C(C=C2)F)C3=NC(=C(S3)CC(=O)O)C4=CC(=CC(=C4)F)F)F
46229994,71.0,C1=CC(=CC=C1C(C2=CC=C(C=C2)F)C3=NC(=C(S3)CC(=O)O)C4=CC(=CN=C4)F)F
46229847,5.4,C1=CC(=CC=C1C(C2=CC=C(C=C2)F)C3=NC(=C(S3)CC(=O)O)C4=CC(=NC(=C4)F)F)F
46229886,220.0,C1=CC(=CC=C1C(C2=CC=C(C=C2)F)C3=NC(=C(S3)CC(=O)O)C4=CC(=NC(=C4)F)N)F
46229846,3.1,C1=CC(=CC=C1C(C2=CC=C(C=C2)F)C3=NC(=C(S3)CC(=O)O)C4=CC(=NC=C4)Cl)F
46229845,0.48000000000000004,C1=CC(=CC=C1C(C2=CC=C(C=C2)F)C3=NC(=C(S3)CC(=O)O)C4=CC(=NC=C4)F)F
16222206,4.8,C1=CC(=CC=C1C(C2=CC=C(C=C2)F)C3=NC(=C(S3)CC(=O)O)C4=CC(=NC=C4)N)F
46229885,68.0,C1=CC(=CC=C1C(C2=CC=C(C=C2)F)C3=NC(=C(S3)CC(=O)O)C4=CC(=O)NC=C4)F
46229801,5.3,C1=CC(=CC=C1C(C2=CC=C(C=C2)F)C3=NC(=C(S3)CC(=O)O)C4=CC=NC=C4)F
46229799,280.0,C1=CC(=CC=C1C(C2=CC=C(C=C2)F)C3=NC(=C(S3)CC(=O)O)C4=CC=NN4)F
46229992,100.0,C1=CC(=CC=C1C(C2=CC=C(C=C2)F)C3=NC(=C(S3)CC(=O)O)C4=CN=C(C=C4)N)F
46229753,16.0,C1=CC(=CC=C1C(C2=CC=C(C=C2)F)C3=NC(=C(S3)CC(=O)O)C4=CNN=C4)F
46229752,14.0,C1=CC(=CC=C1C(C2=CC=C(C=C2)F)C3=NC(=C(S3)CC(=O)O)C4=COC=C4)F
71624969,290.0,C1=CC(=CC=C1C(C2=CC=C(C=C2)F)N3C=C(C(=N3)C4=CC=NC=C4)CC(=O)O)F
11336492,50.0,C1=CC(=CC=C1C2=C(C=CC(=C2)C(F)(F)F)OCC(=O)O)Cl
46880940,9140.0,C1=CC(=CC=C1C2=C(NC(=N2)C(C3=CC=C(C=C3)F)C4=CC=C(C=C4)F)CC(=O)O)F
46230186,9.700000000000001,C1=CC(=CC=C1C2=C(SC(=N2)C(C3=CC=C(C=C3)F)C4=CC=C(C=C4)F)CC(=O)O)Cl
11568356,7.5,C1=CC(=CC=C1C2=C(SC(=N2)C(C3=CC=C(C=C3)F)C4=CC=C(C=C4)F)CC(=O)O)F
46230512,1500.0,C1=CC(=CC=C1C2=C(SC(=N2)C(C3=CC=C(C=C3)F)C4=CC=C(C=C4)F)CC(=O)O)S(=O)(=O)N
46230042,32.0,C1=CC(=CC=C1C2=C(SC(=N2)COC3=CC=C(C=C3)Cl)CC(=O)O)Cl
46230041,730.0,C1=CC(=CC=C1C2=C(SC(=N2)CS(=O)(=O)C3=CC=C(C=C3)Cl)CC(=O)O)Cl
16660288,0.24000000000000002,C1=CC(=CC=C1C2=C(SC(=N2)N(C3=CC=C(C=C3)F)C4=CC=C(C=C4)F)CC(=O)O)F
46230380,700.0,C1=CC(=CC=C1C2=C(SC(=N2)NC3=CC=C(C=C3)C(F)(F)F)CC(=O)O)Cl
3145377,960.0,C1=CC(=CC=C1C2=C(SC(=N2)NC3=CC=C(C=C3)Cl)CC(=O)O)F
46230521,50.0,C1=CC(=CC=C1CC2=NC(=C(S2)CC(=O)O)C3=CC=C(C=C3)Cl)Cl
11547484,1.4,C1=CC(=CC=C1N2C=C(C=N2)C(=O)C3=C(C=CC(=C3)Br)OCC(=O)O)Br
11704767,1.5,C1=CC(=CC=C1N2C=C(C=N2)C(=O)C3=C(C=CC(=C3)Br)OCC(=O)O)Cl
57402651,89.0,C1=CC(=CC=C1SC2=CN(C3=C2C=C(C=C3)Cl)CC(=O)O)Cl
46229800,68.0,C1=CC(=CN=C1)C2=C(SC(=N2)C(C3=CC=C(C=C3)F)C4=CC=C(C=C4)F)CC(=O)O
9566750,54.0,C1=CC2=C(C(=C1)NN=CC3=C(C=CC(=C3)Br)OCC(=O)O)N=CC=C2
70692435,7.4,C1=CC2=C(C=C1Cl)C3(C(=O)N(C(=O)N3)CC4=C(C=CC(=C4)Cl)F)C(=O)N2CC(=O)O
46865761,123.0,C1=CC=C(C(=C1)C#CC2=C(C=CC(=C2)Cl)OCC(=O)O)Cl
5333629,555.0,C1=CC=C(C(=C1)C=NNC(=O)COC2=C(C=C(C=C2)Cl)Cl)OCC(=O)O
46533,1970.0,C1=CC=C(C(=C1)C=O)OCC(=O)O
46229761,700.0,C1=CC=C(C(=C1)CC2=NC(=C(S2)CC(=O)O)C3=CC=C(C=C3)F)Br
46229854,160.0,C1=CC=C(C(=C1)CC2=NC(=C(S2)CC(=O)O)C3=CC=C(C=C3)F)C4=CC(=CC=C4)OC(F)(F)F
46229806,170.0,C1=CC=C(C(=C1)CC2=NC(=C(S2)CC(=O)O)C3=CC=C(C=C3)F)C4=CC=C(C=C4)C#N
46229807,340.0,C1=CC=C(C(=C1)CC2=NC(=C(S2)CC(=O)O)C3=CC=C(C=C3)F)C4=CC=CC(=C4)C#N
70692570,580.0,C1=CC=C(C(=C1)CSC2=NC3=CC=CC=C3N2CC(=O)O)Br
70690398,370.0,C1=CC=C(C(=C1)CSC2=NC3=CC=CC=C3N2CC(=O)O)Cl
11511330,1.9,C1=CC=C(C(=C1)N2C=C(C=N2)C(=O)C3=C(C=CC(=C3)Br)OCC(=O)O)Br
59644732,2510.0,C1=CC=C(C(=C1)NS(=O)(=O)C2=C(C=C(C=C2)Cl)Cl)OC3=CC=CC(=C3)CC(=O)O
44417452,53.0,C1=CC=C(C=C1)C(=O)C2=C(C=CC(=C2)Br)OCC(=O)O
70689823,7.9,C1=CC=C(C=C1)C(=O)NC2=CC=C(C=C2)C(=O)C3=NC=C(C4=CC=CC=C43)CC(=O)O
39200227,520.0,C1=CC=C(C=C1)C(=O)NC2=NC(=C(S2)CC(=O)O)C3=CC=C(C=C3)Cl
11626318,10.0,C1=CC=C(C=C1)C(C2=CC(=C(C=C2)F)F)C3=NC(=C(S3)CC(=O)O)C4=CC=C(C=C4)F
11590561,45.0,C1=CC=C(C=C1)C(C2=CC=C(C=C2)Cl)C3=NC(=C(S3)CC(=O)O)C4=CC=C(C=C4)Cl
11495838,14.0,C1=CC=C(C=C1)C(C2=CC=C(C=C2)Cl)C3=NC(=C(S3)CC(=O)O)C4=CC=C(C=C4)F
46230148,17.0,C1=CC=C(C=C1)C(C2=CC=C(C=C2)F)C3=NC(=C(S3)CC(=O)O)C4=CC=C(C=C4)Cl
46230375,3.4,C1=CC=C(C=C1)C(C2=CC=C(C=C2)O)C3=NC(=C(S3)CC(=O)O)C4=CC=C(C=C4)F
24961406,42.0,C1=CC=C(C=C1)C(C2=CC=CC=C2)C3=CN(C(=O)C=C3)CCCC4=CC(=CC=C4)OCC(=O)O
57390357,11.0,C1=CC=C(C=C1)C(C2=CC=CC=C2)C3=CN(C(=O)C=C3)CCCC4=CC(=CC=C4)OCCCC(=O)O
57401747,99.0,C1=CC=C(C=C1)C(C2=CC=CC=C2)C3=CN(C(=O)C=C3)CCOC4=CC(=CC=C4)OCC(=O)O
11531874,4.1000000000000005,C1=CC=C(C=C1)C(C2=CC=CC=C2)C3=NC(=C(S3)CC(=O)O)C4=CC(=C(C=C4)F)F
11611101,2.9,C1=CC=C(C=C1)C(C2=CC=CC=C2)C3=NC(=C(S3)CC(=O)O)C4=CC(=CC=C4)F
46230283,1100.0,C1=CC=C(C=C1)C(C2=CC=CC=C2)C3=NC(=C(S3)CC(=O)O)C4=CC=C(C=C4)C(F)(F)F
11517351,14.0,C1=CC=C(C=C1)C(C2=CC=CC=C2)C3=NC(=C(S3)CC(=O)O)C4=CC=C(C=C4)Cl
11611100,8.7,C1=CC=C(C=C1)C(C2=CC=CC=C2)C3=NC(=C(S3)CC(=O)O)C4=CC=C(C=C4)F
24962860,18.0,C1=CC=C(C=C1)C(C2=CC=CC=C2)C3=NN(C(=O)C=C3)CCCC4=CC(=CC=C4)OCC(=O)O
51031012,13.0,C1=CC=C(C=C1)C(C2=CC=CC=C2)C3=NN(C(=O)C=C3)CCCC4=CC(=CC=C4)OCCCC(=O)O
46230187,810.0,C1=CC=C(C=C1)C(C2=CC=CC=N2)C3=NC(=C(S3)CC(=O)O)C4=CC=C(C=C4)Cl
46230225,3200.0,C1=CC=C(C=C1)C(C2=NC(=CC=C2)Cl)C3=NC(=C(S3)CC(=O)O)C4=CC=C(C=C4)Cl
46230092,340.0,C1=CC=C(C=C1)C(CC2=NC(=C(S2)CC(=O)O)C3=CC=C(C=C3)Cl)C4=CC=CC=C4
57400864,9.700000000000001,C1=CC=C(C=C1)C(CCN(CCCC2=CC(=CC=C2)OCC(=O)O)C(=O)C3=CC=CC=C3)C4=CC=CC=C4
262282,158.0,C1=CC=C(C=C1)C2=C(C=CC(=C2)Br)OCC(=O)O
11482181,251.0,C1=CC=C(C=C1)C2=C(C=CC(=C2)C#N)OCC(=O)O
54584706,45.0,C1=CC=C(C=C1)C2=C(C=CC(=C2)C(F)(F)F)OCC(=O)O
54581774,501.0,C1=CC=C(C=C1)C2=C(C=CC(=C2)C3=NC=CS3)OCC(=O)O
54585639,251.0,C1=CC=C(C=C1)C2=C(C=CC(=C2)Cl)OCC(=O)O
54583731,8912.0,C1=CC=C(C=C1)C2=C(C=CC(=C2)N)OCC(=O)O
11818138,178.0,C1=CC=C(C=C1)C2=C(C=CC(=C2)[N+](=O)[O-])OCC(=O)O
46230227,16.0,C1=CC=C(C=C1)C2=C(SC(=N2)C(C3=CC=C(C=C3)F)C4=CC=C(C=C4)F)CC(=O)O
46230226,370.0,C1=CC=C(C=C1)C2=C(SC(=N2)C(C3=CC=CC=C3)C4=CC=CC=C4)CC(=O)O
2763924,990.0,C1=CC=C(C=C1)C2=C(SC(=N2)C3=CC=C(C=C3)Cl)CC(=O)O
39453527,1500.0,C1=CC=C(C=C1)C2=C(SC(=N2)C3=CC=C(C=C3)F)CC(=O)O
46230234,160.0,C1=CC=C(C=C1)C2=C(SC(=N2)C3=CC=C(C=C3)OC4=CC=CC=C4)CC(=O)O
2763923,870.0,C1=CC=C(C=C1)C2=C(SC(=N2)C3=CC=CC=C3)CC(=O)O
46230520,88.0,C1=CC=C(C=C1)C2=C(SC(=N2)CC3=CC=C(C=C3)Cl)CC(=O)O
950344,350.0,C1=CC=C(C=C1)C2=C(SC(=N2)NC3=CC=CC=C3)CC(=O)O
44417467,42.0,C1=CC=C(C=C1)C2=CC(=C(C=C2)OCC(=O)O)C(=O)C3=CN(N=C3)C4=CC=CC=C4
72737018,14.0,C1=CC=C(C=C1)C2=CC=C(C=C2)C(=O)NC3=CC=C(C=C3)C(=O)C4=NC=C(C5=CC=CC=C54)CC(=O)O
46230191,38.0,C1=CC=C(C=C1)C2=CC=C(C=C2)C3=C(SC(=N3)C4=CC=CC=C4)CC(=O)O
46230337,940.0,C1=CC=C(C=C1)C2=CC=C(C=C2)C3=C(SC(=N3)NC4=CC=C(C=C4)Cl)CC(=O)O
46230289,660.0,C1=CC=C(C=C1)C2=CC=C(C=C2)C3=C(SC(=N3)NC4=CC=CC=C4)CC(=O)O
54581775,2.0,C1=CC=C(C=C1)C2=CC=CC=C2C3=C(C=CC(=C3)C(F)(F)F)OCC(=O)O
46229805,41.0,C1=CC=C(C=C1)C2=CC=CC=C2CC3=NC(=C(S3)CC(=O)O)C4=CC=C(C=C4)Cl
46229762,24.0,C1=CC=C(C=C1)C2=CC=CC=C2CC3=NC(=C(S3)CC(=O)O)C4=CC=C(C=C4)F
26366028,89.0,C1=CC=C(C=C1)C2=CN=NC(=N2)NN=CC3=C(C=CC(=C3)Br)OCC(=O)O
28871,550.0,C1=CC=C(C=C1)C2=NC(=C(S2)CC(=O)O)C3=CC=C(C=C3)Cl
39453523,860.0,C1=CC=C(C=C1)C2=NC(=C(S2)CC(=O)O)C3=CC=C(C=C3)F
127031167,2400.0,C1=CC=C(C=C1)C2=NN(C(=O)N2CC(=O)O)CC3=CC=CC=C3S(=O)(=O)C4=CC=CC=C4
46230093,56.0,C1=CC=C(C=C1)CC(C2=CC=CC=C2)C3=NC(=C(S3)CC(=O)O)C4=CC=C(C=C4)Cl
46229936,180.0,C1=CC=C(C=C1)CC2=NC(=C(S2)CC(=O)O)C3=CC=C(C=C3)Cl
46229760,140.0,C1=CC=C(C=C1)CC2=NC(=C(S2)CC(=O)O)C3=CC=C(C=C3)F
11500800,475.0,C1=CC=C(C=C1)CCCSC2=NC3=CC=CC=C3N2CC(=O)O
11619293,10.0,C1=CC=C(C=C1)CCN(C2=CC=CC=C2)C(=O)C(=CC3=CN(C4=CC=CC=C43)CC(=O)O)C#N
46229989,390.0,C1=CC=C(C=C1)CCNC2=NC(=C(S2)CC(=O)O)C3=CC=C(C=C3)Cl
810849,881.0,C1=CC=C(C=C1)CCSC2=NC3=CC=CC=C3N2CC(=O)O
11532165,30.0,C1=CC=C(C=C1)CN(C2=CC=CC=C2)C(=O)C(=CC3=CN(C4=CC=CC=C43)CC(=O)O)C#N
23661689,3.9810000000000003,C1=CC=C(C=C1)CN(CCC2=CN(C3=CC=CC=C32)CC(=O)O)S(=O)(=O)C4=CC=C(C=C4)F
3054243,440.0,C1=CC=C(C=C1)CNC2=NC(=C(S2)CC(=O)O)C3=CC=C(C=C3)Cl
810847,388.0,C1=CC=C(C=C1)CSC2=NC3=CC=CC=C3N2CC(=O)O
16660133,0.46,C1=CC=C(C=C1)N(C2=CC=C(C=C2)C#N)C3=NC(=C(S3)CC(=O)O)C4=CC=C(C=C4)F
16660289,0.079,C1=CC=C(C=C1)N(C2=CC=CC=C2)C3=NC(=C(S3)CC(=O)O)C4=CC(=CC=C4)F
16660290,0.07200000000000001,C1=CC=C(C=C1)N(C2=CC=CC=C2)C3=NC(=C(S3)CC(=O)O)C4=CC=C(C=C4)Cl
16660132,0.098,C1=CC=C(C=C1)N(C2=CC=CC=C2)C3=NC(=C(S3)CC(=O)O)C4=CC=C(C=C4)F
16660287,1.5,C1=CC=C(C=C1)N(C2=CN=CC=C2)C3=NC(=C(S3)CC(=O)O)C4=CC=C(C=C4)F
11647012,1.5,C1=CC=C(C=C1)N2C=C(C=N2)C(=O)C3=C(C=CC(=C3)Br)OCC(=O)O
44417474,13.0,C1=CC=C(C=C1)N2C=C(C=N2)C(=O)C3=C(C=CC(=C3)C4=CC(=CC(=C4)F)F)OCC(=O)O
44417469,37.0,C1=CC=C(C=C1)N2C=C(C=N2)C(=O)C3=C(C=CC(=C3)C4=CC=C(C=C4)Cl)OCC(=O)O
11494161,15.0,C1=CC=C(C=C1)N2C=C(C=N2)C(=O)C3=C(C=CC(=C3)Cl)OCC(=O)O
44417460,108.0,C1=CC=C(C=C1)N2C=C(C=N2)C(=O)C3=C(C=CC(=C3)F)OCC(=O)O
44417465,47.0,C1=CC=C(C=C1)N2C=C(C=N2)C(=O)C3=C(C=CC(=C3)[N+](=O)[O-])OCC(=O)O
44417459,510.0,C1=CC=C(C=C1)N2C=C(C=N2)C(=O)C3=CC=CC=C3OCC(=O)O
797803,430.0,C1=CC=C(C=C1)NC(=O)C(=CC2=CN(C3=CC=CC=C32)CC(=O)O)C#N
71552010,560.0,C1=CC=C(C=C1)NC(=O)C(=CC2=CN(C3=CC=CC=C32)CC(=O)O)Cl
71552007,5900.0,C1=CC=C(C=C1)NC(=O)C(=CC2=CN(C3=CC=CC=C32)CCC(=O)O)C#N
71552008,2600.0,C1=CC=C(C=C1)NC(=O)C(=CC2=CN(C3=CC=CC=C32)CCCC(=O)O)C#N
71552667,490.0,C1=CC=C(C=C1)NC(=O)C2=CC3=C(C=C2)N(C4=CC=CC=C43)CC(=O)O
71552087,4400.0,C1=CC=C(C=C1)NC(=O)C=CC2=CN(C3=CC=CC=C32)CC(=O)O
184853,100.0,C1=CC=C(C=C1)NC2=NC(=C(S2)CC(=O)O)C3=CC=C(C=C3)Cl
1282226,650.0,C1=CC=C(C=C1)NC2=NC(=C(S2)CC(=O)O)C3=CC=C(C=C3)F
2178182,84.0,C1=CC=C(C=C1)NC2=NC(=C(S2)CC(=O)O)C3=CC=C(C=C3)OC4=CC=CC=C4
69317289,2690.0,C1=CC=C(C=C1)NCCCSC2=NC3=CC=CC=C3N2CC(=O)O
69319343,7690.0,C1=CC=C(C=C1)NCCSC2=NC3=CC=CC=C3N2CC(=O)O
72737019,14.0,C1=CC=C(C=C1)OC2=CC=C(C=C2)C(=O)NC3=CC=C(C=C3)C(=O)C4=NC=C(C5=CC=CC=C54)CC(=O)O
46216756,3.7,C1=CC=C(C=C1)OC2=CC=C(C=C2)C3=C(SC(=N3)CC4=CC=C(C=C4)Cl)CC(=O)O
46230519,94.0,C1=CC=C(C=C1)OC2=CC=C(C=C2)C3=C(SC(=N3)NC4=CC5=CC=CC=C5C=C4)CC(=O)O
3145355,89.0,C1=CC=C(C=C1)OC2=CC=C(C=C2)C3=C(SC(=N3)NC4=CC=C(C=C4)F)CC(=O)O
3145335,130.0,C1=CC=C(C=C1)OC2=CC=C(C=C2)C3=C(SC(=N3)NC4=CC=CC=C4Cl)CC(=O)O
1001787,210.0,C1=CC=C(C=C1)OC2=CC=C(C=C2)C3=C(SC(=N3)NC4=CC=CC=C4F)CC(=O)O
46230091,93.0,C1=CC=C(C=C1)OC2=CC=C(C=C2)C3=NC(=C(S3)CC(=O)O)C4=CC=C(C=C4)Cl
46229890,160.0,C1=CC=C(C=C1)OC2=CC=CC=C2CC3=NC(=C(S3)CC(=O)O)C4=CC=C(C=C4)Cl
69315080,1400.0,C1=CC=C(C=C1)OCCCCSC2=NC3=CC=CC=C3N2CC(=O)O
69319076,786.0,C1=CC=C(C=C1)OCCCSC2=NC3=CC=CC=C3N2CC(=O)O
2772705,590.0,C1=CC=C(C=C1)OCCSC2=NC3=CC=CC=C3N2CC(=O)O
127033311,47.0,C1=CC=C(C=C1)S(=O)(=O)C2=CC=CC=C2CC3=C4N=C(C=CN4C(=C3)CC(=O)O)C(F)(F)F
127030245,3000.0,C1=CC=C(C=C1)S(=O)(=O)C2=CC=CC=C2CC3=NC(=C4N3C=CC=C4)CC(=O)O
127034111,65.0,C1=CC=C(C=C1)S(=O)(=O)C2=CC=CC=C2CN3C(=O)C4=CC=CC=C4C(=N3)CC(=O)O
127030244,1600.0,C1=CC=C(C=C1)S(=O)(=O)C2=CC=CC=C2CN3C4=C(C=CC=N4)N(S3(=O)=O)CC(=O)O
127031171,860.0,C1=CC=C(C=C1)S(=O)(=O)C2=CC=CC=C2CN3C=C(C=C(C3=O)Cl)CC(=O)O
127031170,10000.0,C1=CC=C(C=C1)S(=O)(=O)C2=CC=CC=C2CN3C=C(C=CC3=O)CC(=O)O
45486044,47.0,C1=CC=C(C=C1)S(=O)(=O)NC2=C(C=CC(=C2)C(=O)N)OC3=CC=CC(=C3)CC(=O)O
45486016,680.0,C1=CC=C(C=C1)S(=O)(=O)NC2=C(C=CC(=C2)Cl)OC3=CC=CC(=C3)CC(=O)O
59644626,860.0,C1=CC=C(C=C1)S(=O)(=O)NC2=CC=CC=C2OC3=CC=CC(=C3)CC(=O)O
46229990,250.0,C1=CC=C(C=C1)SCC2=NC(=C(S2)CC(=O)O)C3=CC=C(C=C3)Cl
1268975,500.0,C1=CC=C2C(=C1)C(=CN2CC(=O)O)C=C(C#N)C(=O)NC3=CC(=CC=C3)Br
70681415,10.0,C1=CC=C2C(=C1)C(=CN=C2C(=O)C3=CC=C(C=C3)C(=O)NC4=CC(=C(C=C4)Cl)Cl)CC(=O)O
72737191,8.200000000000001,C1=CC=C2C(=C1)C(=CN=C2C(=O)C3=CC=C(C=C3)C(=O)NC4=CC=C(C=C4)Cl)CC(=O)O
72737383,3.7,C1=CC=C2C(=C1)C(=CN=C2C(=O)C3=CC=C(C=C3)C(=O)NCCC4=CC(=C(C=C4)Cl)Cl)CC(=O)O
56653781,7.8,C1=CC=C2C(=C1)C(=CN=C2C(=O)C3=CC=C(C=C3)C(=O)NCCC4=CC=C(C=C4)Cl)CC(=O)O
56592488,25.0,C1=CC=C2C(=C1)C(=CN=C2C(=O)C3=CC=C(C=C3)C(=O)NCCC4=CC=C(C=C4)Cl)OCC(=O)O
46701878,13.0,C1=CC=C2C(=C1)C(=CN=C2C(=O)C3=CC=C(C=C3)NC(=O)C4=CC(=C(C=C4)Cl)Cl)CC(=O)O
70683533,3.2,C1=CC=C2C(=C1)C(=CN=C2C(=O)C3=CC=C(C=C3)NC(=O)C4=CC(=CC=C4)Cl)CC(=O)O
72736855,7.8,C1=CC=C2C(=C1)C(=CN=C2C(=O)C3=CC=C(C=C3)NC(=O)C4=CC=C(C=C4)C#N)CC(=O)O
70691974,4.8999999999999995,C1=CC=C2C(=C1)C(=CN=C2C(=O)C3=CC=C(C=C3)NC(=O)C4=CC=C(C=C4)C(F)(F)F)CC(=O)O
70685629,3.4,C1=CC=C2C(=C1)C(=CN=C2C(=O)C3=CC=C(C=C3)NC(=O)C4=CC=C(C=C4)Cl)CC(=O)O
72736854,8.7,C1=CC=C2C(=C1)C(=CN=C2C(=O)C3=CC=C(C=C3)NC(=O)C4=CC=C(C=C4)OC(F)(F)F)CC(=O)O
72737190,9.9,C1=CC=C2C(=C1)C(=CN=C2C(=O)C3=CC=C(C=C3)NC(=O)C4=CC=C(C=C4)[N+](=O)[O-])CC(=O)O
70687781,45.0,C1=CC=C2C(=C1)C(=CN=C2C(=O)C3=CC=C(C=C3)NC(=O)C4=CC=CC=C4Cl)CC(=O)O
76320915,48.0,C1=CC=C2C(=C1)C(=CN=C2C(=O)C3=CC=C(C=C3)NC(=O)C4=CC=CC=N4)CC(=O)O
70696139,83.0,C1=CC=C2C(=C1)C(=CN=C2C(=O)C3=CC=C(C=C3)NC(=O)C4=CC=NC=C4)CC(=O)O
72736700,67.0,C1=CC=C2C(=C1)C(=CN=C2C(=O)C3=CC=C(C=C3)NC(=O)C4=CSC=N4)CC(=O)O
70696140,290.0,C1=CC=C2C(=C1)C(=CN=C2C(=O)C3=CC=C(C=C3)NC(=O)C4=NC=CC=N4)CC(=O)O
72736699,322.0,C1=CC=C2C(=C1)C(=CN=C2C(=O)C3=CC=C(C=C3)NC(=O)C4=NN=CC=C4)CC(=O)O
70681414,4.0,C1=CC=C2C(=C1)C(=CN=C2C(=O)C3=CC=C(C=C3)NC(=O)C=CC4=CC(=C(C=C4)Cl)Cl)CC(=O)O
72737020,15.0,C1=CC=C2C(=C1)C(=CN=C2C(=O)C3=CC=C(C=C3)NC(=O)CC4=CC(=C(C=C4)Cl)Cl)CC(=O)O
70683534,13.0,C1=CC=C2C(=C1)C(=CN=C2C(=O)C3=CC=C(C=C3)NC(=O)CCC4=CC(=C(C=C4)Cl)Cl)CC(=O)O
67007529,13.0,C1=CC=C2C(=C1)C(=CN=C2C(=O)C3=CC=C(C=C3)NC(=O)NC4=CC(=C(C=C4)Cl)Cl)CC(=O)O
67008149,5.2,C1=CC=C2C(=C1)C(=CN=C2C(=O)C3=CC=C(C=C3)NC(=O)OCC4=CC(=C(C=C4)Cl)Cl)CC(=O)O
67008500,6.1000000000000005,C1=CC=C2C(=C1)C(=CN=C2C(=O)C3=CC=C(C=C3)NCC4=CC(=C(C=C4)Cl)Cl)CC(=O)O
67008150,340.0,C1=CC=C2C(=C1)C(=CN=C2C(=O)C3=CC=C(C=C3)NS(=O)(=O)C4=CC(=C(C=C4)Cl)Cl)CC(=O)O
67007255,38.0,C1=CC=C2C(=C1)C(=CN=C2C(=O)C3=CC=C(C=C3)OCC4=CC(=C(C=C4)Cl)Cl)CC(=O)O
56654115,12.0,C1=CC=C2C(=C1)C(=CN=C2C(=O)C3=CC=C(C=C3)OCCC4=CC=C(C=C4)Cl)CC(=O)O
72737384,11.0,C1=CC=C2C(=C1)C(=CN=C2C(=O)C3=CC=C(C=C3)OCCCC4=CC=C(C=C4)Cl)CC(=O)O
46865311,4300.0,C1=CC=C2C(=C1)C3=C(S2(=O)=O)C=C(C=C3)C#CC4=C(C=CC(=C4)Cl)OCC(=O)O
70689824,3.2,C1=CC=C2C(=C1)C=C(N2)C(=O)NC3=CC=C(C=C3)C(=O)C4=NC=C(C5=CC=CC=C54)CC(=O)O
72736518,3.8,C1=CC=C2C(=C1)C=C(O2)C(=O)NC3=CC=C(C=C3)C(=O)C4=NC=C(C5=CC=CC=C54)CC(=O)O
72736517,31.0,C1=CC=C2C(=C1)C=CC=C2C(=O)NC3=CC=C(C=C3)C(=O)C4=NC=C(C5=CC=CC=C54)CC(=O)O
46230044,41.0,C1=CC=C2C(=C1)C=CC=C2CC3=NC(=C(S3)CC(=O)O)C4=CC=C(C=C4)Cl
3145374,96.0,C1=CC=C2C(=C1)C=CC=C2NC3=NC(=C(S3)CC(=O)O)C4=CC=C(C=C4)Cl
2772718,2000.0,C1=CC=C2C(=C1)C=CC=C2OCCSC3=NC4=CC=CC=C4N3CC(=O)O
70682004,470.0,C1=CC=C2C(=C1)N=C(N2CC(=O)O)SCC3=C(C=CC(=C3)Cl)Cl
70682003,380.0,C1=CC=C2C(=C1)N=C(N2CC(=O)O)SCC3=CC(=C(C=C3)Cl)Cl
70688381,370.0,C1=CC=C2C(=C1)N=C(N2CC(=O)O)SCC3=CC(=CC=C3)Br
70686259,186.0,C1=CC=C2C(=C1)N=C(N2CC(=O)O)SCC3=CC(=CC=C3)Cl
70694622,220.0,C1=CC=C2C(=C1)N=C(N2CC(=O)O)SCC3=CC=C(C=C3)Br
69465230,160.0,C1=CC=C2C(=C1)N=C(N2CC(=O)O)SCC3=CC=C(C=C3)Cl
2848830,1500.0,C1=CC=C2C(=C1)N=C(N2CC(=O)O)SCCOC3=CC=C(C=C3)Cl
70691973,4.0,C1=CC=C2C=C(C=CC2=C1)C(=O)NC3=CC=C(C=C3)C(=O)C4=NC=C(C5=CC=CC=C54)CC(=O)O
46229891,41.0,C1=CC=C2C=C(C=CC2=C1)CC3=NC(=C(S3)CC(=O)O)C4=CC=C(C=C4)Cl
46230430,220.0,C1=CC=C2C=C(C=CC2=C1)NC3=NC(=C(S3)CC(=O)O)C4=CC=C(C=C4)Br
2772717,2500.0,C1=CC=C2C=C(C=CC2=C1)OCCSC3=NC4=CC=CC=C4N3CC(=O)O
9566762,255.0,C1=CC=NC(=C1)NN=CC2=C(C=CC(=C2)Br)OCC(=O)O
46229751,18.0,C1=COC(=C1)C2=C(SC(=N2)C(C3=CC=C(C=C3)F)C4=CC=C(C=C4)F)CC(=O)O
46229883,550.0,C1=COC(=C1)C2=NC(=C(S2)CC(=O)O)C3=CC=C(C=C3)Cl
76328986,33.7,C1C(=NOC1(C2=CC=CC=C2)C3=CC=CC=C3)C4=CC5=C(C=C4)C(=O)N(C(=N5)CCCCC(=O)O)C6=CC=C(C=C6)F
76310898,58.5,C1C(=NOC1(CO)C2=CC=CC=C2)C3=CC4=C(C=C3)C(=O)N(C(=N4)CCCCC(=O)O)C5=CC=C(C=C5)F
15949764,296.0,C1C(=O)N(C(=O)C12C3=C(C=CC(=C3)Cl)N(C2=O)CC(=O)O)CC4=C(C(=CC=C4)F)F
15949395|24776306,15.65,C1C(=O)N(C(=O)C12C3=C(C=CC(=C3)Cl)N(C2=O)CC(=O)O)CC4=C(C=CC(=C4)Cl)F
15949299,82.0,C1C(=O)N(C(=O)C12C3=C(C=CC(=C3)Cl)N(C2=O)CC(=O)O)CC4=CC(=CC(=C4)Cl)Cl
15949677|15950100,99.0,C1C(=O)N(C(=O)C12C3=C(C=CC(=C3)Cl)N(C2=O)CC(=O)O)CC4=CC(=CC=C4)Cl
15950103,182.0,C1C(=O)N(C(=O)C12C3=C(C=CC(=C3)Cl)N(C2=O)CC(=O)O)CC4=CC=C(C=C4)F
15950271|24776300,130.0,C1C(=O)N(C(=O)C12C3=C(C=CC(=C3)Cl)N(C2=O)CC(=O)O)CC4=CC=CC=C4
15950102|24776302,126.0,C1C(=O)N(C(=O)C12C3=C(C=CC(=C3)Cl)N(C2=O)CC(=O)O)CC4=CC=CC=C4F
24776291,48.0,C1C(=O)N(C(=O)C12C3=C(C=CC(=C3)Cl)N(C2=O)CC(=O)O)CC4=CSC(=N4)C5=CC(=CC=C5)Cl
24776297|24776307|24776308,62.0,C1C(=O)N(CC12C3=C(C=CC(=C3)Cl)N(C2=O)CC(=O)O)CC4=C(C=CC(=C4)Cl)F
24776296,1350.0,C1C(=O)N(CC12C3=C(C=CC(=C3)Cl)N(C2=O)CC(=O)O)CC4=CC=CC=C4
46230043,500.0,C1C(OC2=CC=CC=C2O1)C3=NC(=C(S3)CC(=O)O)C4=CC=C(C=C4)Cl
67274014,7.0,C1C2=CC=CC=C2CN(C3=CC=CC=C31)C(=O)C(=CC4=CN(C5=CC=CC=C54)CC(=O)O)C#N
72736343,21.0,C1C2CC3CC1CC(C2)(C3)CC(=O)NC4=CC=C(C=C4)C(=O)C5=NC=C(C6=CC=CC=C65)CC(=O)O
57395246,5.0,C1CC(C1)NC(=O)C2=CC(=C(C=C2)OC3=C(C=C(C(=C3)F)CC(=O)O)Cl)NS(=O)(=O)C4=C(C=C(C=C4)OC(F)(F)F)Cl
57402258,13.0,C1CC(C1)NC(=O)C2=CC(=C(C=C2)OC3=C(C=C(C(=C3)F)CC(=O)O)F)NS(=O)(=O)C4=C(C=C(C=C4)C(F)(F)F)Cl
57400457,25.0,C1CC(C1)NC(=O)C2=CC(=C(C=C2)OC3=C(C=C(C(=C3)F)CC(=O)O)F)NS(=O)(=O)C4=C(C=C(C=C4)OC(F)(F)F)Cl
57402257,5.0,C1CC(C1)NC(=O)C2=CC(=C(C=C2)OC3=C(C=C(C=C3)CC(=O)O)Cl)NS(=O)(=O)C4=C(C=C(C=C4)Cl)Cl
57404015,6.0,C1CC(C1)NC(=O)C2=CC(=C(C=C2)OC3=C(C=C(C=C3)CC(=O)O)Cl)NS(=O)(=O)C4=CC=C(C=C4)Cl
76313695,50.0,C1CC1C(=O)NC2=CC=C(C=C2)C(=O)C3=NC=C(C4=CC=CC=C43)CC(=O)O
71226725,2600.0,C1CC1C2=C(OC=N2)CC3=C(C=CC(=C3)C(F)(F)F)C4=CN(C5=C4C=C(C=C5)F)CC(=O)O
53323268,6.7,C1CC1CN(C2CCC3=C(C4=CC=CC=C4N3C2)CC(=O)O)S(=O)(=O)C5=CC=C(C=C5)F
145970970,9.299999999999999,C1CC1N(C2C3CCC3N(C4=CC=CC=C24)C(=O)C5=CC(=CC=C5)F)C(=O)CCC(=O)O
145965291,0.8,C1CC1N(C2C3CCC3N(C4=CC=CC=C24)C(=O)C5=CC(=CC=C5)F)C(=O)OCC(=O)O
145974144,18.0,C1CC1N(C2C3CCC3N(C4=CC=CC=C24)C(=O)C5=CC(=CC=C5)OC(F)(F)F)C(=O)CCC(=O)O
145966642,8.9,C1CC1N(C2C3CCC3N(C4=CC=CC=C24)C(=O)C5=CC=C(C=C5)F)C(=O)CCC(=O)O
145968674,1.4,C1CC1N(C2C3CCC3N(C4=CC=CC=C24)C(=O)C5=CC=C(C=C5)F)C(=O)OCC(=O)O
71118253,3.9,C1CC1N(C2C3CCC3N(C4=CC=CC=C24)C(=O)C5=CC=C(C=C5)OC(F)(F)F)C(=O)CCC(=O)O
71476538,0.9,C1CC1N(C2C3CCC3N(C4=CC=CC=C24)C(=O)C5=CC=C(C=C5)OC(F)(F)F)C(=O)OCC(=O)O
71128670,210.0,C1CC1N(C2C3CCC3N(C4=CC=CC=C24)C(=O)OCC5=CC=CC=C5)C(=O)CCC(=O)O
57403988,7.0,C1CC1NC(=O)C2=CC(=C(C=C2)OC3=C(C=C(C=C3)CC(=O)O)Cl)NS(=O)(=O)C4=C(C=C(C=C4)Cl)Cl
44390276,130.0,C1CC2=C(C1)N(C3=C2C=C(C=C3)NS(=O)(=O)C4=CC=C(C=C4)F)CC(=O)O
53322785,6.8999999999999995,C1CC2=C(C3=CC=CC=C3N2CC1N(CC(F)(F)F)S(=O)(=O)C4=CC=C(C=C4)F)CC(=O)O
53317718,4.1000000000000005,C1CC2=C(C3=CC=CC=C3N2CC1N(CC4=CC=C(C=C4)F)S(=O)(=O)C5=CC=C(C=C5)F)CC(=O)O
53323267,1.6,C1CC2=C(C3=CC=CC=C3N2CC1NS(=O)(=O)C4=CC=C(C=C4)F)CC(=O)O
67358288,145.0,C1CC2=C(CC1C(=O)NC3=CC=CC=C3)C4=CC=CC=C4N2CC(=O)O
44390332,22.0,C1CC2=C(CC1C3=CC=CC=C3)C4=C(N2CC(=O)O)C=CC(=C4)NS(=O)(=O)C5=CC=C(C=C5)F
71459331,2.0,C1CC2=C(CC1NC(=O)CC(C3=CC=CC=C3)C4=CC=CC=C4)C5=C(N2CC(=O)O)C=CC(=C5)F
11545850,3.8,C1CC2=C(CC1NS(=O)(=O)C3=CC=C(C=C3)F)C4=CC=CC=C4N2CC(=O)O
123879,21.0,C1CC2=C(CC1NS(=O)(=O)C3=CC=C(C=C3)F)C4=CC=CC=C4N2CCC(=O)O
11509269,10.0,C1CC2=CC=CC=C2N(C1)C(=O)C(=CC3=CN(C4=CC=CC=C43)CC(=O)O)C#N
71118509,3.5,C1CC2C(C1)N(C3=C(C2N(C4CC4)C(=O)CCC(=O)O)C=C(C=C3)F)C(=O)C5=CC=C(C=C5)OC(F)(F)F
71128667,2.4,C1CC2C(C1)N(C3=C(C2N(C4CC4)C(=O)CCC(=O)O)C=C(C=C3)F)C(=O)C5=CC=C(C=C5)SC(F)(F)F
145966022,59.0,C1CC2C(C1)N(C3=C(C2N(C4CC4)C(=O)CCC(=O)O)C=CC(=C3)Cl)C(=O)C5=CC=C(C=C5)OC(F)(F)F
71476981,1.7,C1CC2C(C1)N(C3=C(C2N(C4CC4)C(=O)CCC(=O)O)C=CC(=C3)F)C(=O)C5=CC=C(C=C5)OC(F)(F)F
71118141,6.2,C1CC2C(C1)N(C3=CC(=C(C=C3C2N(C4CC4)C(=O)CCC(=O)O)F)Cl)C(=O)C5=CC=C(C=C5)OC(F)(F)F
71128570,41.0,C1CC2C(C1)N(C3=CC=CC=C3C2N(C4CC4)C(=O)CCC(=O)O)C(=O)C5=CC=CC=C5
71135161,120.0,C1CC2C(C1)N(C3=CC=CC=C3C2N(C4CC4)C(=O)CCC(=O)O)C(=O)OCC5=CC=CC=C5
145975085,2890.0,C1CC2C(C1)N(C3=CC=CC=C3C2N(C4CC4)C(=O)CCC(=O)O)C5=NN=C(O5)C6=CC=CC=C6
11551847,70.0,C1CCC(CC1)C(=O)N2CCC3=C(C2)C4=CC=CC=C4N3CC(=O)O
70687780,14.0,C1CCC(CC1)C(=O)NC2=CC=C(C=C2)C(=O)C3=NC=C(C4=CC=CC=C43)CC(=O)O
46230147,530.0,C1CCC(CC1)C(C2=CC=CC=C2)C3=NC(=C(S3)CC(=O)O)C4=CC=C(C=C4)Cl
72736342,20.0,C1CCC(CC1)CC(=O)NC2=CC=C(C=C2)C(=O)C3=NC=C(C4=CC=CC=C43)CC(=O)O
11704605,30.0,C1CCC(CC1)N(C2=CC=CC=C2)C(=O)C(=CC3=CN(C4=CC=CC=C43)CC(=O)O)C#N
71139243,175.0,C1CCC2C(C1)C(C3=CC=CC=C3N2C(=O)OCC4=CC=CC=C4)N(C5CC5)C(=O)CCC(=O)O
44390312,22.0,C1CCC2C(CC1)N(C3=C2C=C(C=C3)NS(=O)(=O)C4=CC=C(C=C4)F)CC(=O)O
11514705,148.0,C1CCCC(CC1)C2=C(C=CC(=C2)Cl)OCC(=O)O
46229943,230.0,C1CCN(C1)C2=NC=CC(=C2)C3=C(SC(=N3)C(C4=CC=C(C=C4)F)C5=CC=C(C=C5)F)CC(=O)O
46229942,660.0,C1CN(C1)C2=NC=CC(=C2)C3=C(SC(=N3)C(C4=CC=C(C=C4)F)C5=CC=C(C=C5)F)CC(=O)O
11646408,60.0,C1CN(C2=CC=CC=C21)C(=O)C(=CC3=CN(C4=CC=CC=C43)CC(=O)O)C#N
71733909,11.0,C1CN(CC2=C1N(C3=C2C=C(C=C3)C(F)(F)F)CC(=O)O)C(=O)C4=CC=CC5=CC=CC=C54
11689895,1.0,C1CN(CC2=C1N(C3=C2C=C(C=C3)C(F)(F)F)CC(=O)O)C(=O)C4=CC=CC=C4
68505327,4.0,C1CN(CC2=C1N(C3=C2C=C(C=C3)Cl)CC(=O)O)C(=O)C4=CC=CC5=CC=CC=C54
11675066,5.0,C1CN(CC2=C1N(C3=C2C=C(C=C3)Cl)CC(=O)O)C(=O)C4=CC=CC=C4
11494768,9.0,C1CN(CC2=C1N(C3=C2C=C(C=C3)F)CC(=O)O)C(=O)C4=CC(=CC=C4)Cl
49843471,6.0,C1CN(CC2=C1N(C3=C2C=C(C=C3)F)CC(=O)O)C(=O)C4=CC=CC5=CC=CC=C54
11717304,7.0,C1CN(CC2=C1N(C3=C2C=C(C=C3)F)CC(=O)O)C(=O)C4=CC=CC=C4
11631813,4.0,C1CN(CC2=C1N(C3=C2C=C(C=C3)F)CC(=O)O)C(=O)C4=CC=CS4
68503758,4.0,C1CN(CC2=C1N(C3=C2C=C(C=C3)F)CC(=O)O)C(=O)CC4=CC=CC5=CC=CC=C54
71733911,5.0,C1CN(CC2=C1N(C3=C2C=C(C=C3)F)CC(=O)O)C(=O)CC4=CNC5=CC=CC=C54
71733912,10.0,C1CN(CC2=C1N(C3=C2C=C(C=C3)F)CC(=O)O)C(=O)CCC4=CC=CC5=CC=CC=C54
71733818,180.0,C1CN(CC2=C1N(C3=C2C=C(C=C3Cl)F)CC(=O)O)C(=O)C4=CC(=CC=C4)Cl
71733910,70.0,C1CN(CC2=C1N(C3=C2C=C(C=C3Cl)F)CC(=O)O)C(=O)C4=CC=CC5=CC=CC=C54
71733817,35.0,C1CN(CC2=C1N(C3=C2C=C(C=C3F)F)CC(=O)O)C(=O)C4=CC=CC=C4
11494396,820.0,C1CN(CC2=C1N(C3=C2C=CC=C3Cl)CC(=O)O)C(=O)C4=CC=CC=C4
11610353,10.0,C1CN(CC2=C1N(C3=CC=CC=C23)CC(=O)O)C(=O)C4=CC(=CC=C4)Cl
11653874,9.0,C1CN(CC2=C1N(C3=CC=CC=C23)CC(=O)O)C(=O)C4=CC=CC5=CC=CC=C54
11695689,15.0,C1CN(CC2=C1N(C3=CC=CC=C23)CC(=O)O)C(=O)C4=CC=CC=C4
11624420,200.0,C1CN(CC2=C1N(C3=CC=CC=C23)CC(=O)O)C(=O)CC4=CC=CC=C4
11537570,430.0,C1CN(CC2=C1N(C3=CC=CC=C23)CC(=O)O)C(=O)NC4=CC=CC=C4
11590255,631.0,C1CN(CCN(C1)S(=O)(=O)C2=CC=CC=C2)CC3=C(C=CC(=C3)Cl)OCC(=O)O
11546947,79.0,C1CN(CCN(C1)S(=O)(=O)CC2=CC=CC=C2)CC3=C(C=CC(=C3)Cl)OCC(=O)O
11539052,316.0,C1CN(CCN1CC2=C(C=CC(=C2)C(F)(F)F)OCC(=O)O)C(=O)C3=CC=CC=C3
11518211,18.0,C1CN(CCN1CC2=C(C=CC(=C2)C(F)(F)F)OCC(=O)O)S(=O)(=O)C3=CC=CC=C3
51356842,100.0,C1CN(CCN1CC2=C(C=CC(=C2)Cl)OCC(=O)O)C(=O)CC3=CC=CC=C3
11568443,10.0,C1CN(CCN1CC2=C(C=CC(=C2)Cl)OCC(=O)O)S(=O)(=O)C3=CC=C(C=C3)F
53317503,16.0,C1CN(CCN1CC2=C(C=CC(=C2)Cl)OCC(=O)O)S(=O)(=O)C3=CC=CC=C3
11517780,6.0,C1CN(CCN1CC2=C(C=CC(=C2)Cl)OCC(=O)O)S(=O)(=O)CC3=CC=CC=C3
46229938,2900.0,C1CNCCC1(C2=CC=CC=C2)C3=NC(=C(S3)CC(=O)O)C4=CC=C(C=C4)Cl
67287864,22.0,C1COC2=CC(=C(C=C2C1C(=O)O)Cl)OC3=CC=C(C=C3)C(=O)NC4=CC=CC(=N4)C5=CC=C(C=C5)Cl
72736344,400.0,C1COCCC1C(=O)NC2=CC=C(C=C2)C(=O)C3=NC=C(C4=CC=CC=C43)CC(=O)O
54587658,126.0,C1CS(=O)(=O)C2=C1C=C(C=C2)C3=C(C=CC(=C3)C(F)(F)F)OCC(=O)O
46229855,24.0,C1OC2=C(O1)C=C(C=C2)C3=CC=CC=C3CC4=NC(=C(S4)CC(=O)O)C5=CC=C(C=C5)F
71552009,510.0,CC(=C(C#N)C(=O)NC1=CC=CC=C1)C2=CN(C3=CC=CC=C32)CC(=O)O
19261363,510.0,CC(=O)C1=C(C=CC(=C1)Br)OCC(=O)O
69319218,45.0,CC(=O)C1=CC(=C(C=C1)OC)CSC2=NC3=C(N2CC(=O)O)C=C(C=C3)F
69316495,33.0,CC(=O)C1=CC(=C(C=C1)OC)CSC2=NC3=C(N2CC(=O)O)C=CC(=C3)C(=O)C
11582965,3.0,CC(=O)C1=CC(=C(C=C1)OC)CSC2=NC3=C(N2CC(=O)O)C=CC(=C3)C(F)(F)F
70696660,4.0,CC(=O)C1=CC(=C(C=C1)OC)CSC2=NC3=C(N2CC(=O)O)C=CC(=C3)C=O
11682521,2.0,CC(=O)C1=CC(=C(C=C1)OC)CSC2=NC3=C(N2CC(=O)O)C=CC(=C3)F
69316753,41.0,CC(=O)C1=CC(=C(C=C1)OC)CSC2=NC3=C(N2CC(=O)O)C=CC(=C3)S(=O)(=O)C
69317304,2.0,CC(=O)C1=CC(=C(C=C1)OC)CSC2=NC3=C(N2CC(=O)O)C=CC(=C3)[N+](=O)[O-]
69316694,5.0,CC(=O)C1=CC(=C(C=C1)OC)CSC2=NC3=C(N2CC(=O)O)C=CC=C3F
69315206,2.0,CC(=O)C1=CC(=C(C=C1)OC)CSC2=NC3=CC=CC=C3N2CC(=O)O
45486095,380.0,CC(=O)C1=CC(=C(C=C1)OC2=CC=CC(=C2)CC(=O)O)NS(=O)(=O)C3=CC=CC=C3
11544651,230.0,CC(=O)C1=CC=CC(=C1)CSC2=NC3=CC=CC=C3N2CC(=O)O
46229939,52.0,CC(=O)N1CCC(CC1)(C2=CC=CC=C2)C3=NC(=C(S3)CC(=O)O)C4=CC=C(C=C4)Cl
11521904,1600.0,CC(=O)N1CCC2=C(C1)C3=CC=CC=C3N2CC(=O)O
46229991,360.0,CC(=O)N1CCN(CC1)C2=NC=CC(=C2)C3=C(SC(=N3)C(C4=CC=C(C=C4)F)C5=CC=C(C=C5)F)CC(=O)O
70687779,330.0,CC(=O)NC1=CC=C(C=C1)C(=O)C2=NC=C(C3=CC=CC=C32)CC(=O)O
54584710,0.6,CC(C(=O)O)OC1=C(C=C(C=C1)C(F)(F)F)C2=CC=CC(=C2)C#N
44249133,3.9810000000000003,CC(C(=O)O)OC1=C(C=C(C=C1)F)C2=CC(=C(C=C2)C(=O)N3CCCC3(C)C)Cl
57401748,17.0,CC(C(=O)O)OC1=CC=CC(=C1)CCCN2C=C(C=CC2=O)C(C3=CC=CC=C3)C4=CC=CC=C4
719761,61.0,CC(C)(C)C1=C(C=CC(=C1)Br)OCC(=O)O
90644209,32.0,CC(C)(C)C1=CC2=C(N1)C=CC(=C2NS(=O)(=O)C3=C(C=C(C=C3)Cl)Cl)OC4=C(C=C(C=C4)CC(=O)O)OC
44390354,120.0,CC(C)(C)C1CCC2=C(C1)C3=C(N2CC(=O)O)C=CC(=C3)NS(=O)(=O)C4=CC=C(C=C4)F
42641863,3.0,CC(C)(C)NC(=O)C1=CC(=C(C=C1)OC2=C(C=C(C(=C2)F)CC(=O)O)Cl)NS(=O)(=O)C3=C(C=C(C=C3)C4CC4)Cl
44128594,9.0,CC(C)(C)NC(=O)C1=CC(=C(C=C1)OC2=C(C=C(C(=C2)F)CC(=O)O)Cl)NS(=O)(=O)C3=C(C=C(C=C3)OC(F)(F)F)Cl
57393533,5.0,CC(C)(C)NC(=O)C1=CC(=C(C=C1)OC2=C(C=C(C=C2)CC(=O)O)Cl)NS(=O)(=O)C3=C(C=C(C=C3)Cl)Cl
57391799,9.0,CC(C)(C)NC(=O)C1=CC(=C(C=C1)OC2=C(C=C(C=C2)CC(=O)O)Cl)NS(=O)(=O)C3=CC=C(C=C3)Cl
45109987,2.3,CC(C)(C1=CC=C(C=C1)F)C(=O)N(C)C2CCC3=C(C4=C(N3C2)N=CC=C4)CC(=O)O
54583710,6.2,CC(C)(C1=CC=C(C=C1)F)C(=O)N(C)C2CCC3=C(C4=CC=CC=C4N3C2)CC(=O)O
56653431,200.0,CC(C)(C1=CN=C(C2=CC=CC=C21)C(=O)C3=CC=C(C=C3)C(=O)NCCC4=CC=C(C=C4)Cl)C(=O)O
56594650,360.0,CC(C)C1=C(C=C(C=C1)S(=O)(=O)C)C#CC2=C(C=CC(=C2)Cl)OCC(=O)O
11516353,42.0,CC(C)C1=CC2=C(C=C1)N(C3=C2CN(CC3)C(=O)C4=CC=CC=C4)CC(=O)O
46230381,1200.0,CC(C)C1=CC=C(C=C1)NC2=NC(=C(S2)CC(=O)O)C3=CC=C(C=C3)Cl
56839590,46.0,CC(C)CC(=O)N(CC1=CC=C(C=C1)S(=O)(=O)C)C2=CC(=CC(=C2)C3=NNN=N3)F
90644208,32.0,CC(C)CC1=CC2=C(N1)C=CC(=C2NS(=O)(=O)C3=C(C=C(C=C3)Cl)Cl)OC4=C(C=C(C=C4)CC(=O)O)OC
45486100,3.0,CC(C)CNC(=O)C1=CC(=C(C=C1)OC2=C(C=C(C=C2)CC(=O)O)OC)NS(=O)(=O)C3=C(C=C(C=C3)Cl)Cl
45486065,2.0,CC(C)NC(=O)C1=CC(=C(C=C1)OC2=C(C=C(C=C2)CC(=O)O)OC)NS(=O)(=O)C3=C(C=C(C=C3)Cl)Cl
69314659,150.0,CC(C)OC(=O)C1=CC(=C(C=C1)OC)CSC2=NC3=CC=CC=C3N2CC(=O)O
46866378,67.0,CC(C)S(=O)(=O)C1=CC(=C(C=C1)Cl)C#CC2=C(C=CC(=C2)Cl)OCC(=O)O
46865974,91.0,CC(C)S(=O)(=O)C1=CC(=C(C=C1)F)C#CC2=C(C=CC(=C2)Cl)OCC(=O)O
69314839,2200.0,CC(C1=CC(=C(C=C1)OC)CSC2=NC3=CC=CC=C3N2CC(=O)O)O
45109984|45112038,37.50000000000001,CC(C1=CC=C(C=C1)F)C(=O)N(C)C2CCC3=C(C4=C(N3C2)N=CC=C4)CC(=O)O
53248845|54580744,16.5,CC(C1=CC=C(C=C1)F)C(=O)N(C)C2CCC3=C(C4=CC=CC=C4N3C2)CC(=O)O
46880900,0.085,CC(C1=CC=CC=C1)(C2=CC=CC=C2)C3=NC(=C(S3)CC(=O)O)C4=CC=C(C=C4)F
56960164|76318094,5.2,CC1(CC(=NO1)C2=CC3=C(C=C2)C(=O)N(C(=N3)CCCCC(=O)O)C4=CC=C(C=C4)F)C(C5=CC=CC=C5)O
76336265,7.8,CC1(CC(=NO1)C2=CC3=C(C=C2)C(=O)N(C(=N3)CCCCC(=O)O)C4=CC=C(C=C4)F)C5=CC(=CC(=C5)F)F
76325442,10.5,CC1(CC(=NO1)C2=CC3=C(C=C2)C(=O)N(C(=N3)CCCCC(=O)O)C4=CC=C(C=C4)F)C5=CC=C(C=C5)Cl
76336264,10.200000000000001,CC1(CC(=NO1)C2=CC3=C(C=C2)C(=O)N(C(=N3)CCCCC(=O)O)C4=CC=C(C=C4)F)C5=CC=C(C=C5)F
76318114,5.2,CC1(CC(=NO1)C2=CC3=C(C=C2)C(=O)N(C(=N3)CCCCC(=O)O)C4=CC=C(C=C4)F)C5=CC=CC(=C5)C#N
56959274|76336263,13.349999999999998,CC1(CC(=NO1)C2=CC3=C(C=C2)C(=O)N(C(=N3)CCCCC(=O)O)C4=CC=C(C=C4)F)C5=CC=CC=C5
76314517,6.8,CC1(CC(=NO1)C2=CC3=C(C=C2)C(=O)N(C(=N3)CCCCC(=O)O)C4=CC=C(C=C4)F)C5=NC6=CC=CC=C6O5
56960577,17.2,CC1(CC(=NO1)C2=CC3=C(C=C2)C(=O)N(C(=N3)CCCCC(=O)O)C4=CC=C(C=C4)F)C5=NC6=CC=CC=C6S5
56960163|76328965,14.45,CC1(CC(=NO1)C2=CC3=C(C=C2)C(=O)N(C(=N3)CCCCC(=O)O)C4=CC=C(C=C4)F)CC5=CC=CC=C5
45109989,2.4,CC1(CC1(C2=CC=C(C=C2)F)C(=O)N(C)C3CCC4=C(C5=C(N4C3)N=CC=C5)CC(=O)O)C
11640178,1.0,CC1(CCC2=C(C1)C3=CC=CC=C3N2CC(=O)O)C(=O)N(C)C4=CC(=CC=C4)Cl
76328209,70.0,CC1=C(C(=CC=C1)C)S(=O)(=O)C2=CC=CC=C2CC3=C(N(N=C3C4=CC=CC=C4)CC(=O)O)C
71624851,2900.0,CC1=C(C(=NN1C(C)C2=CC=CC=C2S(=O)(=O)C3=CC=CC=C3)C4=CC=CC=C4)CC(=O)O
73348867,310.0,CC1=C(C(=NN1C(C2=CC=C(C=C2)F)C3=CC=C(C=C3)F)C4=C(C=NC=C4)F)CC(=O)O
71625096,1100.0,CC1=C(C(=NN1C(C2=CC=C(C=C2)F)C3=CC=C(C=C3)F)C4=CC=CC=C4)CC(=O)O
71624967,46.0,CC1=C(C(=NN1C(C2=CC=C(C=C2)F)C3=CC=C(C=C3)F)C4=CC=NC=C4)CC(=O)O
71625097,5000.0,CC1=C(C(=NN1C(C2=CC=C(C=C2)F)C3=CC=C(C=C3)S(=O)(=O)C)C4=CC=CC=C4)CC(=O)O
71624847,230.0,CC1=C(C(=NN1C2=CC=CC(=C2)NC(=O)C3CC3C4=CC=CC=C4)C)CC(=O)O
67607241,5000.0,CC1=C(C(=NN1C2=CC=NC3=CC=CC=C32)C4=CC=CC=C4)CC(=O)O
76335451,440.0,CC1=C(C(=NN1CC(=O)O)C(=O)N2CCOCC2)CC3=CC=CC=C3S(=O)(=O)C4=CC=CC=C4
76335454,1600.0,CC1=C(C(=NN1CC(=O)O)C)CC2=CC=CC=C2S(=O)(=O)C3=CC=CC=C3
76313754,5000.0,CC1=C(C(=NN1CC(=O)O)C2=C(C=CC(=C2)Cl)Cl)CC3=CC=CC=C3S(=O)(=O)C4=CC=CC=C4
76313758,50.0,CC1=C(C(=NN1CC(=O)O)C2=CC(=CC=C2)C(F)(F)F)CC3=CC=CC=C3S(=O)(=O)C4=CC=CC=C4
76331881,400.0,CC1=C(C(=NN1CC(=O)O)C2=CC=CC=C2)CC3=C(C=C(C=C3)C(=O)O)S(=O)(=O)C4=CC=CC=C4
76335452,2500.0,CC1=C(C(=NN1CC(=O)O)C2=CC=CC=C2)CC3=C(C=C(C=C3)C(=O)OC)S(=O)(=O)C4=CC=CC=C4
76331886,450.0,CC1=C(C(=NN1CC(=O)O)C2=CC=CC=C2)CC3=C(C=C(C=C3)C(F)(F)F)S(=O)(=O)C4=CC=CC=C4
76335455,70.0,CC1=C(C(=NN1CC(=O)O)C2=CC=CC=C2)CC3=C(C=C(C=C3)OC)S(=O)(=O)C4=CC=CC=C4
76310044,160.0,CC1=C(C(=NN1CC(=O)O)C2=CC=CC=C2)CC3=C(C=CC(=C3)F)S(=O)(=O)C4=CC=CC=C4
76331882,60.0,CC1=C(C(=NN1CC(=O)O)C2=CC=CC=C2)CC3=C(C=CC(=C3)OC)S(=O)(=O)C4=CC=CC=C4
76310043,2000.0,CC1=C(C(=NN1CC(=O)O)C2=CC=CC=C2)CC3=C(C=NC=C3)S(=O)(=O)C4=CC=CC=C4
76331883,230.0,CC1=C(C(=NN1CC(=O)O)C2=CC=CC=C2)CC3=CC=CC=C3S(=O)(=O)C4=CC(=CC=C4)Cl
76310045,110.0,CC1=C(C(=NN1CC(=O)O)C2=CC=CC=C2)CC3=CC=CC=C3S(=O)(=O)C4=CC=C(C=C4)Cl
76313756,4.0,CC1=C(C(=NN1CC(=O)O)C2=CC=CC=C2)CC3=CC=CC=C3S(=O)(=O)C4=CC=C(C=C4)F
76328211,450.0,CC1=C(C(=NN1CC(=O)O)C2=CC=CC=C2)CC3=CC=CC=C3S(=O)(=O)C4=CC=C(C=C4)N(C)C
76317268,200.0,CC1=C(C(=NN1CC(=O)O)C2=CC=CC=C2)CC3=CC=CC=C3S(=O)(=O)C4=CC=C(C=C4)OC
76317269,470.0,CC1=C(C(=NN1CC(=O)O)C2=CC=CC=C2)CC3=CC=CC=C3S(=O)(=O)C4=CC=C(C=C4)OC(F)(F)F
76310046,4000.0,CC1=C(C(=NN1CC(=O)O)C2=CC=CC=C2)CC3=CC=CC=C3S(=O)(=O)C4=CC=C(C=C4)S(=O)(=O)C
76331884,5000.0,CC1=C(C(=NN1CC(=O)O)C2=CC=CC=C2)CC3=CC=CC=C3S(=O)(=O)C4=CC=CC(=C4)C(=O)N(C)C
76328210,1100.0,CC1=C(C(=NN1CC(=O)O)C2=CC=CC=C2)CC3=CC=CC=C3S(=O)(=O)C4=CC=CC(=C4)C(F)(F)F
76317266,200.0,CC1=C(C(=NN1CC(=O)O)C2=CC=CC=C2)CC3=CC=CC=C3S(=O)(=O)C4=CC=CC(=C4)F
76313755,520.0,CC1=C(C(=NN1CC(=O)O)C2=CC=CC=C2)CC3=CC=CC=C3S(=O)(=O)C4=CC=CC(=C4)OC
76335453,270.0,CC1=C(C(=NN1CC(=O)O)C2=CC=CC=C2)CC3=CC=CC=C3S(=O)(=O)C4=CC=CC5=C4N=CC=C5
76310047,40.0,CC1=C(C(=NN1CC(=O)O)C2=CC=CC=C2)CC3=CC=CC=C3S(=O)(=O)C4=CC=CC=C4
76328212,110.0,CC1=C(C(=NN1CC(=O)O)C2=CC=CC=C2)CC3=CC=CC=C3S(=O)(=O)C4=CC=CC=C4F
76313757,110.0,CC1=C(C(=NN1CC(=O)O)C2=CC=CC=C2)CC3=CC=CC=C3S(=O)(=O)CC4=CC=CC=C4
76324644,5000.0,CC1=C(C(=NN1CC(=O)O)C2=CC=CC=C2)CC3=CC=CC=C3SC4=CC=CC(=C4)OC
76320969,300.0,CC1=C(C(=NN1CC(=O)O)C2=CC=NC=C2)CC3=CC=CC=C3S(=O)(=O)C4=CC=CC=C4
76328208,87.0,CC1=C(C(=NN1CC(=O)O)C2=CN=CN=C2)CC3=CC=CC=C3S(=O)(=O)C4=CC=CC=C4
67607812,5000.0,CC1=C(C(=NN1CC2=C(C=C(C=C2)F)S(=O)(=O)N3CCNCC3)C4=CC=CC=C4)CC(=O)O
71624850,36.0,CC1=C(C(=NN1CC2=C(C=CC(=C2)OC)S(=O)(=O)C3=CC=C(C=C3)F)C4=CC=CC=C4)CC(=O)O
71624968,1900.0,CC1=C(C(=NN1CC2=CC=C(C=C2)F)C3=CC=NC=C3)CC(=O)O
67606723,5000.0,CC1=C(C(=NN1CC2=CC=C(C=C2)S(=O)(=O)C)C)CC(=O)O
67607274,1400.0,CC1=C(C(=NN1CC2=CC=CC=C2C(=O)C3=CC=CC=C3)C4=CC=CC=C4)CC(=O)O
67607174,5000.0,CC1=C(C(=NN1CC2=CC=CC=C2C3=CC=CC=C3)C4=CC=CC=C4)CC(=O)O
67608154,100.0,CC1=C(C(=NN1CC2=CC=CC=C2CC3=CC=CC=C3)C4=CC=CC=C4)CC(=O)O
67607248,490.0,CC1=C(C(=NN1CC2=CC=CC=C2CS(=O)(=O)C3=CC=CC=C3)C4=CC=CC=C4)CC(=O)O
67607503,2000.0,CC1=C(C(=NN1CC2=CC=CC=C2OC3=CC=CC=C3)C4=CC=CC=C4)CC(=O)O
67607200,81.0,CC1=C(C(=NN1CC2=CC=CC=C2S(=O)(=O)C3=CC=CC=C3)C)CC(=O)O
67606899,24.0,CC1=C(C(=NN1CC2=CC=CC=C2S(=O)(=O)C3=CC=CC=C3)C4=CC=C(C=C4)Cl)CC(=O)O
67607179,7.0,CC1=C(C(=NN1CC2=CC=CC=C2S(=O)(=O)C3=CC=CC=C3)C4=CC=CC=C4)CC(=O)O
71624966,4.0,CC1=C(C(=NN1CC2=CC=CC=C2S(=O)(=O)C3=CC=CC=C3)C4=CC=NC=C4)CC(=O)O
67606768,850.0,CC1=C(C(=NN1CC2=CC=CC=C2S(=O)(=O)N(C)C)C3=CC=CC=C3)CC(=O)O
67607119,66.0,CC1=C(C(=NN1CC2=CC=CC=C2S(=O)(=O)N3CCCCC3)C4=CC=CC=C4)CC(=O)O
67607161,89.0,CC1=C(C(=NN1CC2=CC=CC=C2S(=O)(=O)N3CCOCC3)C4=CC=CC=C4)CC(=O)O
67609133,870.0,CC1=C(C(=NN1CC2=NC3=CC=CC=C3C=C2)C4=CC=CC=C4)CC(=O)O
67606737,1600.0,CC1=C(C(=NN1S(=O)(=O)C2=CC(=C(C=C2)Cl)Cl)C3=CC=CC=C3)CC(=O)O
118715188,20.0,CC1=C(C(=NO1)C)CC2=C(C=CC(=C2)C(F)(F)F)C3=CN(C4=C3C=C(C=C4)F)CC(=O)O
15949576,220.0,CC1=C(C(=NO1)C)CN2C(=O)CC3(C2=O)C4=C(C=CC(=C4)Cl)N(C3=O)CC(=O)O
53317642,250.0,CC1=C(C(=NO1)C)S(=O)(=O)N(C)C2CCC3=C(C4=CC=CC=C4N3C2)CC(=O)O
24776294,21.0,CC1=C(C(=NO1)C2=CC=CC=C2)CN3C(=O)CC4(C3=O)C5=C(C=CC(=C5)Cl)N(C4=O)CC(=O)O
127032356,970.0,CC1=C(C(=O)N(N1CC(=O)O)C2=CC=CC=C2)CC3=CC=CC=C3S(=O)(=O)C4=CC=CC=C4
67607141,160.0,CC1=C(C(=O)NN1CC2=CC=CC=C2S(=O)(=O)C3=CC=CC=C3)CC(=O)O
57397462,45.0,CC1=C(C2=C(C=CC=C2N1CC(=O)O)C(=O)NC)SC3=CC=C(C=C3)Cl
57402607,4.0,CC1=C(C2=C(C=CC=C2N1CC(=O)O)C3=CC=CC=C3)OC4=CC=C(C=C4)Cl
10069991,1.0,CC1=C(C2=C(C=CC=C2N1CC(=O)O)C3=CC=CC=C3)SC4=CC=C(C=C4)Cl
11281300,0.6,CC1=C(C2=C(C=CC=C2N1CC(=O)O)C3=NC=CN=C3)SC4=CC=C(C=C4)Cl
57392166,3.5,CC1=C(C2=C(C=CC=C2N1CC(=O)O)C3=NC=CS3)SC4=CC=C(C=C4)Cl
11682247,18.0,CC1=C(C2=C(C=CC=C2N1CC(=O)O)NC(=O)C)OC3=CC=C(C=C3)Cl
10409908,7.1000000000000005,CC1=C(C2=C(C=CC=C2N1CC(=O)O)NC(=O)C)S(=O)(=O)C3=CC=C(C=C3)Cl
11292191,4.3,CC1=C(C2=C(C=CC=C2N1CC(=O)O)NC(=O)C)SC3=CC=C(C=C3)Cl
11611215,3.5,CC1=C(C2=C(C=CC=C2N1CC(=O)O)NS(=O)(=O)C)OC3=CC=C(C=C3)Cl
10095612,7.9,CC1=C(C2=C(C=CC=C2N1CC(=O)O)NS(=O)(=O)C)S(=O)(=O)C3=CC=C(C=C3)Cl
11154496,1.8,CC1=C(C2=C(C=CC=C2N1CC(=O)O)NS(=O)(=O)C)SC3=CC=C(C=C3)Cl
11618107,80.0,CC1=C(C2=C(C=CN=C2N1CC3=CC=C(C=C3)S(=O)(=O)C)Cl)CC(=O)O
25106870,220.0,CC1=C(C2=C(N1)C=CC(=C2NS(=O)(=O)C3=C(C=C(C=C3)Cl)Cl)OC4=C(C=C(C=C4)CC(=O)O)OC)Cl
57392165,501.0,CC1=C(C2=C(N1C(C)C(=O)O)C=CC(=C2)Cl)SC3=CC=C(C=C3)Cl
71471249|71471250,260.5,CC1=C(C2=C(N1C(C)C(=O)O)CCNC2=O)CC3=CC=CC=C3S(=O)(=O)C4=CC=CC=C4
10237369,180.0,CC1=C(C2=C(N1C3=C4C=CC(=CC4=NC=C3)Cl)C=CC(=C2)OC)CC(=O)O
57505234,1690.0,CC1=C(C2=C(N1CC(=O)O)C(=CC(=C2)Cl)Cl)C3=NN(C(=O)C=C3)CC4=CC=CC=C4
52918794,90.0,CC1=C(C2=C(N1CC(=O)O)C(=CC(=C2)Cl)F)C3=NN(C(=O)C=C3)CC4=CC=CC=C4
57505231,245.0,CC1=C(C2=C(N1CC(=O)O)C(=CC(=C2)F)Cl)C3=NN(C(=O)C=C3)CC4=CC=CC=C4
57505233,76.0,CC1=C(C2=C(N1CC(=O)O)C(=CC(=C2)F)F)C3=NN(C(=O)C=C3)CC4=CC=CC=C4
57505242,28.0,CC1=C(C2=C(N1CC(=O)O)C(=CC(=C2)F)F)CC3=NN(C(=O)C=C3)CC4=C(C=C(C=C4)F)F
52918912,934.0,CC1=C(C2=C(N1CC(=O)O)C(=CC(=C2)S(=O)(=O)C)F)C3=NN(C(=O)C=C3)CC4=CC=CC=C4
10316809,60.0,CC1=C(C2=C(N1CC(=O)O)C(=CC=C2)Cl)SC3=CC=C(C=C3)Cl
10249850,178.0,CC1=C(C2=C(N1CC(=O)O)C=C(C(=C2)Cl)C#N)SC3=CC=C(C=C3)Cl
10090285,42.0,CC1=C(C2=C(N1CC(=O)O)C=C(C=C2)Cl)SC3=CC=C(C=C3)Cl
57397461,159.0,CC1=C(C2=C(N1CC(=O)O)C=C(C=C2)S(=O)(=O)C)SC3=CC=C(C=C3)Cl
57505220,16.0,CC1=C(C2=C(N1CC(=O)O)C=CC(=C2)Br)C3=NN(C(=O)C=C3)CC4=CC=CC=C4
11222822,11.0,CC1=C(C2=C(N1CC(=O)O)C=CC(=C2)C(F)(F)F)OC3=CC=C(C=C3)Cl
10047003,3.5,CC1=C(C2=C(N1CC(=O)O)C=CC(=C2)C3=CC=CC=C3)SC4=CC=C(C=C4)Cl
57505279,195.0,CC1=C(C2=C(N1CC(=O)O)C=CC(=C2)Cl)C3=CN(C(=O)C=C3)C(C)C
57505282,148.0,CC1=C(C2=C(N1CC(=O)O)C=CC(=C2)Cl)C3=CN(C(=O)C=C3)CC(F)(F)F
57505291,8.0,CC1=C(C2=C(N1CC(=O)O)C=CC(=C2)Cl)C3=CN(C(=O)C=C3)CC4=C(C=CC=C4F)F
57505267,10.0,CC1=C(C2=C(N1CC(=O)O)C=CC(=C2)Cl)C3=CN(C(=O)C=C3)CC4=CC=CC=C4
11669738,11.0,CC1=C(C2=C(N1CC(=O)O)C=CC(=C2)Cl)C3=NN(C(=O)C4=CC=CC=C43)CC5=CC=CC=C5
59753850,2.0,CC1=C(C2=C(N1CC(=O)O)C=CC(=C2)Cl)C3=NN(C(=O)C4=CC=CC=C43)CCOC5=CC=C(C=C5)Cl
11682932,28.0,CC1=C(C2=C(N1CC(=O)O)C=CC(=C2)Cl)C3=NN(C(=O)C=C3)CC4=CC=CC=C4
52920262,29.0,CC1=C(C2=C(N1CC(=O)O)C=CC(=C2)Cl)CC3=NN(C(=O)C4=CC=CC=C43)CC5=CC=CC=C5
52920147,15.0,CC1=C(C2=C(N1CC(=O)O)C=CC(=C2)Cl)CC3=NN(C(=O)C=C3)CC4=CC=CC=C4
10384259,13.0,CC1=C(C2=C(N1CC(=O)O)C=CC(=C2)Cl)SC3=CC=C(C=C3)Cl
118715191,6.0,CC1=C(C2=C(N1CC(=O)O)C=CC(=C2)F)C3=CC=CC(=C3)C4=C(ON=C4C)C
118715190,4.0,CC1=C(C2=C(N1CC(=O)O)C=CC(=C2)F)C3=CC=CC4=C3CCN(C4)S(=O)(=O)C
52920392,107.0,CC1=C(C2=C(N1CC(=O)O)C=CC(=C2)F)C3=CN(C(=O)C4=C3CCCC4)C(C)C
52920390,1000.0,CC1=C(C2=C(N1CC(=O)O)C=CC(=C2)F)C3=CN(C(=O)C4=C3CCCC4)CC(F)(F)F
52920267,192.0,CC1=C(C2=C(N1CC(=O)O)C=CC(=C2)F)C3=CN(C(=O)C4=C3CCCC4)CC5=CC=CC=C5
52920391,123.0,CC1=C(C2=C(N1CC(=O)O)C=CC(=C2)F)C3=CN(C(=O)C4=C3CCCC4)CCCC(F)(F)F
57505249,1.2,CC1=C(C2=C(N1CC(=O)O)C=CC(=C2)F)C3=CN(C(=O)C4=CC=CC=C43)C(C)C
57505255,3.0,CC1=C(C2=C(N1CC(=O)O)C=CC(=C2)F)C3=CN(C(=O)C4=CC=CC=C43)CC(C)(C)C
57505250,4.0,CC1=C(C2=C(N1CC(=O)O)C=CC(=C2)F)C3=CN(C(=O)C4=CC=CC=C43)CC(F)(F)F
57505248,14.0,CC1=C(C2=C(N1CC(=O)O)C=CC(=C2)F)C3=CN(C(=O)C4=CC=CC=C43)CC5=CC=CC=C5
57505254,1.0,CC1=C(C2=C(N1CC(=O)O)C=CC(=C2)F)C3=CN(C(=O)C4=CC=CC=C43)CCCC(F)(F)F
57505278,70.0,CC1=C(C2=C(N1CC(=O)O)C=CC(=C2)F)C3=CN(C(=O)C=C3)C(C)C
57505281,84.0,CC1=C(C2=C(N1CC(=O)O)C=CC(=C2)F)C3=CN(C(=O)C=C3)CC(F)(F)F
57505273,17.0,CC1=C(C2=C(N1CC(=O)O)C=CC(=C2)F)C3=CN(C(=O)C=C3)CC4=C(C=C(C=C4)F)F
57505271,6.0,CC1=C(C2=C(N1CC(=O)O)C=CC(=C2)F)C3=CN(C(=O)C=C3)CC4=C(C=CC=C4F)F
57505270,6.0,CC1=C(C2=C(N1CC(=O)O)C=CC(=C2)F)C3=CN(C(=O)C=C3)CC4=CC=C(C=C4)F
57505268,5.0,CC1=C(C2=C(N1CC(=O)O)C=CC(=C2)F)C3=CN(C(=O)C=C3)CC4=CC=CC=C4
57505297,16.0,CC1=C(C2=C(N1CC(=O)O)C=CC(=C2)F)C3=CN(C(=O)C=C3)CCCC(F)(F)F
90655037,689.0,CC1=C(C2=C(N1CC(=O)O)C=CC(=C2)F)C3=CN=C(C=C3)OCCCC(F)(F)F
57505325,11.0,CC1=C(C2=C(N1CC(=O)O)C=CC(=C2)F)C3=NN(C(=O)C4=CC=CC=C43)CC5=CC=CC=C5
60154703,109.0,CC1=C(C2=C(N1CC(=O)O)C=CC(=C2)F)C3=NN(C(=O)C4C3CCCC4)CC5=CC=CC=C5
52920034,10.0,CC1=C(C2=C(N1CC(=O)O)C=CC(=C2)F)C3=NN(C(=O)C=C3)CC4=C(C=C(C=C4)F)F
57505154,20.0,CC1=C(C2=C(N1CC(=O)O)C=CC(=C2)F)C3=NN(C(=O)C=C3)CC4=CC=C(C=C4)F
57505322,23.0,CC1=C(C2=C(N1CC(=O)O)C=CC(=C2)F)C3=NN(C(=O)C=C3)CC4=CC=CC=C4
11175439,812.0,CC1=C(C2=C(N1CC(=O)O)C=CC(=C2)F)CC3=CC4=CC=CC=C4C=C3
11176300,8.0,CC1=C(C2=C(N1CC(=O)O)C=CC(=C2)F)CC3=CC=C(C=C3)S(=O)(=O)C
23725171,5.0,CC1=C(C2=C(N1CC(=O)O)C=CC(=C2)F)CC3=CC=CC=C3S(=O)(=O)C4=CC=CC=C4
52919030,137.0,CC1=C(C2=C(N1CC(=O)O)C=CC(=C2)F)CC3=CN(C(=O)C=C3)C(C)C
90655032,52.0,CC1=C(C2=C(N1CC(=O)O)C=CC(=C2)F)CC3=CN(C(=O)C=C3)CC(F)(F)F
52919031,0.8,CC1=C(C2=C(N1CC(=O)O)C=CC(=C2)F)CC3=CN(C(=O)C=C3)CC4=C(C(=CC=C4)F)F
52919028,4.0,CC1=C(C2=C(N1CC(=O)O)C=CC(=C2)F)CC3=CN(C(=O)C=C3)CC4=C(C=C(C=C4)F)F
52919029,8.0,CC1=C(C2=C(N1CC(=O)O)C=CC(=C2)F)CC3=CN(C(=O)C=C3)CC4=C(C=CC(=C4)F)F
52919280,7.0,CC1=C(C2=C(N1CC(=O)O)C=CC(=C2)F)CC3=CN(C(=O)C=C3)CC4=C(C=CC=C4F)F
52919158,4.0,CC1=C(C2=C(N1CC(=O)O)C=CC(=C2)F)CC3=CN(C(=O)C=C3)CC4=CC(=CC=C4)F
52919413,3.0,CC1=C(C2=C(N1CC(=O)O)C=CC(=C2)F)CC3=CN(C(=O)C=C3)CC4=CC=C(C=C4)F
57505343,11.0,CC1=C(C2=C(N1CC(=O)O)C=CC(=C2)F)CC3=CN(C(=O)C=C3)CC4=CC=CC=C4
52919156,8.0,CC1=C(C2=C(N1CC(=O)O)C=CC(=C2)F)CC3=CN(C(=O)C=C3)CC4=CC=CC=C4F
52919551,150.0,CC1=C(C2=C(N1CC(=O)O)C=CC(=C2)F)CC3=CN(C(=O)C=C3)CCCC(F)(F)F
11462174,6.0,CC1=C(C2=C(N1CC(=O)O)C=CC(=C2)F)CC3=NC4=CC=CC=C4C=C3
11187351,343.0,CC1=C(C2=C(N1CC(=O)O)C=CC(=C2)F)CC3=NC4=CC=CC=C4S3
57505342,18.0,CC1=C(C2=C(N1CC(=O)O)C=CC(=C2)F)CC3=NN(C(=O)C=C3)CC(F)(F)F
52920263,0.8,CC1=C(C2=C(N1CC(=O)O)C=CC(=C2)F)CC3=NN(C(=O)C=C3)CC4=C(C=C(C=C4)F)F
57505333,2.0,CC1=C(C2=C(N1CC(=O)O)C=CC(=C2)F)CC3=NN(C(=O)C=C3)CC4=C(C=CC(=C4)F)F
57505335,5.0,CC1=C(C2=C(N1CC(=O)O)C=CC(=C2)F)CC3=NN(C(=O)C=C3)CC4=C(C=CC=C4F)F
57505241,6.0,CC1=C(C2=C(N1CC(=O)O)C=CC(=C2)F)CC3=NN(C(=O)C=C3)CC4=C(C=NC=C4)F
57505195,0.8,CC1=C(C2=C(N1CC(=O)O)C=CC(=C2)F)CC3=NN(C(=O)C=C3)CC4=CC(=C(C=C4F)F)F
57505338,8.0,CC1=C(C2=C(N1CC(=O)O)C=CC(=C2)F)CC3=NN(C(=O)C=C3)CC4=CC(=CC=C4)F
57505239,7.0,CC1=C(C2=C(N1CC(=O)O)C=CC(=C2)F)CC3=NN(C(=O)C=C3)CC4=CC=C(C=C4)C(C(F)(F)F)(C(F)(F)F)O
57505238,5.0,CC1=C(C2=C(N1CC(=O)O)C=CC(=C2)F)CC3=NN(C(=O)C=C3)CC4=CC=C(C=C4)C(C)(C)O
52920150,16.0,CC1=C(C2=C(N1CC(=O)O)C=CC(=C2)F)CC3=NN(C(=O)C=C3)CC4=CC=C(C=C4)C(F)(F)F
57505339,6.0,CC1=C(C2=C(N1CC(=O)O)C=CC(=C2)F)CC3=NN(C(=O)C=C3)CC4=CC=C(C=C4)F
57505334,9.0,CC1=C(C2=C(N1CC(=O)O)C=CC(=C2)F)CC3=NN(C(=O)C=C3)CC4=CC=CC=C4
57505337,3.0,CC1=C(C2=C(N1CC(=O)O)C=CC(=C2)F)CC3=NN(C(=O)C=C3)CC4=CC=CC=C4F
57505196,12.0,CC1=C(C2=C(N1CC(=O)O)C=CC(=C2)F)CC3=NN(C(=O)C=C3)CC4=CC=NC=C4
57505341,11.0,CC1=C(C2=C(N1CC(=O)O)C=CC(=C2)F)CC3=NN(C(=O)C=C3)CCCC(F)(F)F
52919672,4.0,CC1=C(C2=C(N1CC(=O)O)C=CC(=C2)F)CC3=NN(C(=O)CC3)CC4=C(C=C(C=C4)F)F
52920146,16.0,CC1=C(C2=C(N1CC(=O)O)C=CC(=C2)F)CC3=NN(C(=O)CC3)CC4=CC=CC=C4
11688573,5.0,CC1=C(C2=C(N1CC(=O)O)C=CC(=C2)F)OC3=CC=C(C=C3)Cl
10407503,7.1000000000000005,CC1=C(C2=C(N1CC(=O)O)C=CC(=C2)F)S(=O)(=O)C3=CC=C(C=C3)Cl
57402652,1.6,CC1=C(C2=C(N1CC(=O)O)C=CC(=C2)F)SC3=CC=C(C=C3)Cl
11315250,56.0,CC1=C(C2=C(N1CC(=O)O)C=CC(=C2)NC(=O)C)SC3=CC=C(C=C3)Cl
44414728,50.0,CC1=C(C2=C(N1CC(=O)O)C=CC(=C2)OC)C3=C4C=CC(=CC4=NC=C3)Cl
57505298,2000.0,CC1=C(C2=C(N1CC(=O)O)C=CC(=C2)OC)C3=CN(C(=O)C=C3)CC(F)(F)F
52918913,104.0,CC1=C(C2=C(N1CC(=O)O)C=CC(=C2)OC)C3=NN(C(=O)C=C3)CC4=CC=CC=C4
57505216,135.0,CC1=C(C2=C(N1CC(=O)O)C=CC(=C2)S(=O)(=O)C)C3=NN(C(=O)C=C3)CC4=CC=CC=C4
10047141,71.0,CC1=C(C2=C(N1CC(=O)O)C=CC(=C2)S(=O)(=O)C)SC3=CC=C(C=C3)Cl
57393918,6.1000000000000005,CC1=C(C2=C(N1CC(=O)O)C=CC(=C2C#N)Cl)SC3=CC=C(C=C3)Cl
10021783,25.0,CC1=C(C2=C(N1CC(=O)O)C=CC=C2Cl)SC3=CC=C(C=C3)Cl
57402653,11.0,CC1=C(C2=C(N1CC(=O)O)C=CC=C2S(=O)(=O)C)SC3=CC=C(C=C3)Cl
71470472,2.2,CC1=C(C2=C(N1CC(=O)O)C=CN(C2=O)C(F)F)CC3=CC=CC=C3S(=O)(=O)C4=CC=CC=C4
71470386,4.8999999999999995,CC1=C(C2=C(N1CC(=O)O)C=CN(C2=O)C)CC3=CC=CC=C3S(=O)(=O)C4=CC=CC=C4
118715117,16.0,CC1=C(C2=C(N1CC(=O)O)C=CN=C2Cl)CC3=CC=CC=C3S(=O)(=O)C4=CC=CC=C4
11360614,32.0,CC1=C(C2=C(N1CC(=O)O)C=CN=C2Cl)SC3=CC=C(C=C3)Cl
71470228,8.6,CC1=C(C2=C(N1CC(=O)O)C=CNC2=O)CC3=CC=CC=C3S(=O)(=O)C4=CC=CC=C4
71470383,5.0,CC1=C(C2=C(N1CC(=O)O)CC(NC2=O)(C)C)CC3=C(C=CC(=C3)OC)S(=O)(=O)C4=CC=C(C=C4)F
71470382,5.0,CC1=C(C2=C(N1CC(=O)O)CC(NC2=O)(C)C)CC3=CC=CC=C3S(=O)(=O)C4=CC=C(C=C4)F
71470301,2.1,CC1=C(C2=C(N1CC(=O)O)CC(NC2=O)(C)C)CC3=CC=CC=C3S(=O)(=O)C4=CC=CC=C4
127029906,104.0,CC1=C(C2=C(N1CC(=O)O)CCCC2)CC3=CC=CC=C3S(=O)(=O)C4=CC=C(C=C4)F
127033547,2.0,CC1=C(C2=C(N1CC(=O)O)CCCC2=O)CC3=C(C=CC(=C3)OC)S(=O)(=O)C4=CC=C(C=C4)F
127029907,2.0,CC1=C(C2=C(N1CC(=O)O)CCCC2=O)CC3=CC=CC=C3S(=O)(=O)C4=CC=C(C=C4)F
71470142,6.0,CC1=C(C2=C(N1CC(=O)O)CCN(C2=O)C(C)C(F)(F)F)CC3=CC=CC=C3S(=O)(=O)C4=CC=CC=C4
71471574,9.0,CC1=C(C2=C(N1CC(=O)O)CCN(C2=O)C(C)C)CC3=CC=CC=C3S(=O)(=O)C4=CC=CC=C4
71470939,7.0,CC1=C(C2=C(N1CC(=O)O)CCN(C2=O)C)CC3=CC=CC=C3S(=O)(=O)C4=CC=CC=C4
71471354,1.5,CC1=C(C2=C(N1CC(=O)O)CCN(C2=O)CC3=CC=CC=C3)CC4=CC=CC=C4S(=O)(=O)C5=CC=CC=C5
71471252,20.0,CC1=C(C2=C(N1CC(=O)O)CCNC2=O)CC3=C(C(=CC=C3)OC)S(=O)(=O)C4=CC=CC=C4
71471349,10.0,CC1=C(C2=C(N1CC(=O)O)CCNC2=O)CC3=C(C=C(C=C3)C(=O)NC)S(=O)(=O)C4=CC=CC=C4
71470942,19.0,CC1=C(C2=C(N1CC(=O)O)CCNC2=O)CC3=C(C=C(C=C3)C(=O)O)S(=O)(=O)C4=CC=CC=C4
71470941,11.0,CC1=C(C2=C(N1CC(=O)O)CCNC2=O)CC3=C(C=C(C=C3)C(=O)OC)S(=O)(=O)C4=CC=CC=C4
71471034,13.0,CC1=C(C2=C(N1CC(=O)O)CCNC2=O)CC3=C(C=C(C=C3)C(F)(F)F)S(=O)(=O)C4=CC=CC=C4
71471572,3.9,CC1=C(C2=C(N1CC(=O)O)CCNC2=O)CC3=C(C=CC(=C3)Br)S(=O)(=O)C4=CC=CC=C4
71471467,28.0,CC1=C(C2=C(N1CC(=O)O)CCNC2=O)CC3=C(C=CC(=C3)C#N)S(=O)(=O)C4=CC=CC=C4
71471465,3.7,CC1=C(C2=C(N1CC(=O)O)CCNC2=O)CC3=C(C=CC(=C3)F)S(=O)(=O)C4=CC=CC=C4
71470226,2.1,CC1=C(C2=C(N1CC(=O)O)CCNC2=O)CC3=C(C=CC(=C3)OC)S(=O)(=O)C4=CC=C(C=C4)F
71470848,3.6,CC1=C(C2=C(N1CC(=O)O)CCNC2=O)CC3=C(C=CC(=C3)OC)S(=O)(=O)C4=CC=CC=C4
71471351,4500.0,CC1=C(C2=C(N1CC(=O)O)CCNC2=O)CC3=C(C=CC=C3S(=O)(=O)C4=CC=CC=C4)OC
71471137,900.0,CC1=C(C2=C(N1CC(=O)O)CCNC2=O)CC3=CC=C(C=C3)S(=O)(=O)C
71471464,170.0,CC1=C(C2=C(N1CC(=O)O)CCNC2=O)CC3=CC=C(C=C3)S(=O)(=O)C4=CC=CC=C4
71471033,3.0,CC1=C(C2=C(N1CC(=O)O)CCNC2=O)CC3=CC=C(C=C3)S(=O)(=O)CC4=CC=CC=C4
71470300,810.0,CC1=C(C2=C(N1CC(=O)O)CCNC2=O)CC3=CC=CC=C3C(=O)C4=CC=CC=C4
71470556,32.0,CC1=C(C2=C(N1CC(=O)O)CCNC2=O)CC3=CC=CC=C3C(C4=CC=CC=C4)O
71470229,480.0,CC1=C(C2=C(N1CC(=O)O)CCNC2=O)CC3=CC=CC=C3C4=CC=CC5=CC=CC=C54
71471571,120.0,CC1=C(C2=C(N1CC(=O)O)CCNC2=O)CC3=CC=CC=C3CC4=CC=CC=C4
118715116,800.0,CC1=C(C2=C(N1CC(=O)O)CCNC2=O)CC3=CC=CC=C3CN4C=CN=N4
71471469,530.0,CC1=C(C2=C(N1CC(=O)O)CCNC2=O)CC3=CC=CC=C3OC4=CC=CC=C4
71470943,4.0,CC1=C(C2=C(N1CC(=O)O)CCNC2=O)CC3=CC=CC=C3S(=O)(=O)C4=CC(=CC=C4)Cl
71471139,8.5,CC1=C(C2=C(N1CC(=O)O)CCNC2=O)CC3=CC=CC=C3S(=O)(=O)C4=CC=C(C=C4)Cl
71470938,3.3,CC1=C(C2=C(N1CC(=O)O)CCNC2=O)CC3=CC=CC=C3S(=O)(=O)C4=CC=C(C=C4)F
71471138,3.9,CC1=C(C2=C(N1CC(=O)O)CCNC2=O)CC3=CC=CC=C3S(=O)(=O)C4=CC=C(C=C4)OC
71471140,6.6,CC1=C(C2=C(N1CC(=O)O)CCNC2=O)CC3=CC=CC=C3S(=O)(=O)C4=CC=C(C=C4)OC(F)(F)F
118715115,240.0,CC1=C(C2=C(N1CC(=O)O)CCNC2=O)CC3=CC=CC=C3S(=O)(=O)C4=CC=CC(=C4)C(=O)NC
71471035,6.2,CC1=C(C2=C(N1CC(=O)O)CCNC2=O)CC3=CC=CC=C3S(=O)(=O)C4=CC=CC(=C4)F
71471352,12.0,CC1=C(C2=C(N1CC(=O)O)CCNC2=O)CC3=CC=CC=C3S(=O)(=O)C4=CC=CC(=C4)OC
71470732,3.0,CC1=C(C2=C(N1CC(=O)O)CCNC2=O)CC3=CC=CC=C3S(=O)(=O)C4=CC=CC=C4
71471141,3.6,CC1=C(C2=C(N1CC(=O)O)CCNC2=O)CC3=CC=CC=C3S(=O)(=O)C4=CC=CC=C4F
71470733,28.0,CC1=C(C2=C(N1CC(=O)O)CCNC2=O)CC3=CC=CC=C3S(=O)(=O)C4CCCCC4
71471569,26.0,CC1=C(C2=C(N1CC(=O)O)CCNC2=O)CC3=CC=CC=C3S(=O)(=O)N(C)CC4=CC=CC=C4
56643872,22.0,CC1=C(C2=C(N1CC(=O)O)CCNC2=O)CC3=CC=CC=C3S(=O)(=O)N4CCOCC4
87314562,14.0,CC1=C(C2=C(N1CC3=C(C=C(C=C3)C(F)(F)F)C(F)(F)F)N=CC=C2)CC(=O)O
23582412,0.4,CC1=C(C2=C(N1CC3=C(C=C(C=C3)S(=O)(=O)C)C(F)(F)F)N=CC=C2)CC(=O)O
11618108,1.7,CC1=C(C2=C(N1CC3=C(C=C(C=C3)S(=O)(=O)C)Cl)N=CC=C2)CC(=O)O
51347012,10.0,CC1=C(C2=C(N1CC3=C(C=C(C=C3)S(=O)(=O)C)Cl)SC=C2)CC(=O)O
11575484,4.0,CC1=C(C2=C(N1CC3=CC(=C(C=C3)S(=O)(=O)C)C(F)(F)F)N=CC=C2)CC(=O)O
11673910,554.0,CC1=C(C2=C(N1CC3=CC=C(C=C3)C#N)N=CC=C2)CC(=O)O
11573244,23.0,CC1=C(C2=C(N1CC3=CC=C(C=C3)Cl)N=CC=C2)CC(=O)O
67219428,147.0,CC1=C(C2=C(N1CC3=CC=C(C=C3)S(=O)(=O)C(F)(F)F)N=CC=C2)CC(=O)O
11508736,3.0,CC1=C(C2=C(N1CC3=CC=C(C=C3)S(=O)(=O)C)N=CC=C2)CC(=O)O
51347011,50.0,CC1=C(C2=C(N1CC3=CC=C(C=C3)S(=O)(=O)C)SC=C2)CC(=O)O
53323666,190.0,CC1=C(C2=C(N1CC3=CC=C(C=C3)S(=O)(=O)N(C)C)SC=C2)CC(=O)O
51347010,20.0,CC1=C(C2=C(N1CC3=CC=C(C=C3)S(=O)(=O)N(C)C4CCCCC4)SC=C2)CC(=O)O
53326243,70.0,CC1=C(C2=C(N1CC3=CC=C(C=C3)S(=O)(=O)N4CCOCC4)SC=C2)CC(=O)O
11530248,51.0,CC1=C(C2=C(N1CC3=CC=C(C=C3)S(=O)C)N=CC=C2)CC(=O)O
67219255,24.0,CC1=C(C2=C(N1CC3=CC=C(C=C3)[N+](=O)[O-])N=CC=C2)CC(=O)O
58628171,2400.0,CC1=C(C2=C(N1CC3=NC4=CC=CC=C4S3)C=CC(=C2)F)CC(=O)O
57399142,1468.0,CC1=C(C2=C(N1CC3=NNN=N3)C=CC(=C2)Cl)SC4=CC=C(C=C4)Cl
11625836,44.0,CC1=C(C2=C(N1S(=O)(=O)C3=C(C=CC(=C3)Cl)Cl)C=CC(=C2)F)CC(=O)O
45273621,6.0,CC1=C(C2=C(N1S(=O)(=O)C3=CC(=C(C=C3)Cl)C#N)N=CC=C2)CC(=O)O
11675688,112.0,CC1=C(C2=C(N1S(=O)(=O)C3=CC(=C(C=C3)Cl)Cl)N=CC=C2)CC(=O)O
11494496,8.0,CC1=C(C2=C(N1S(=O)(=O)C3=CC(=C(C=C3)F)C#N)N=CC=C2)CC(=O)O
11717904,50.0,CC1=C(C2=C(N1S(=O)(=O)C3=CC(=C(C=C3)F)Cl)N=CC=C2)CC(=O)O
11667741,9.0,CC1=C(C2=C(N1S(=O)(=O)C3=CC(=C(C=C3)F)F)N=CC=C2)CC(=O)O
45268524,18.0,CC1=C(C2=C(N1S(=O)(=O)C3=CC(=C(C=C3)F)OC)N=CC=C2)CC(=O)O
44189135,3000.0,CC1=C(C2=C(N1S(=O)(=O)C3=CC=C(C=C3)C#N)SC=C2)CC(=O)O
44188797,1130.0,CC1=C(C2=C(N1S(=O)(=O)C3=CC=C(C=C3)C(F)(F)F)SC=C2)CC(=O)O
11675335,26.0,CC1=C(C2=C(N1S(=O)(=O)C3=CC=C(C=C3)Cl)C=CC(=C2)F)CC(=O)O
11588648,108.0,CC1=C(C2=C(N1S(=O)(=O)C3=CC=C(C=C3)Cl)N=CC=C2)CC(=O)O
11537884,158.0,CC1=C(C2=C(N1S(=O)(=O)C3=CC=C(C=C3)F)C=CC(=C2)F)CC(=O)O
44188965,1630.0,CC1=C(C2=C(N1S(=O)(=O)C3=CC=C(C=C3)F)SC=C2)CC(=O)O
11717784,318.0,CC1=C(C2=C(N1S(=O)(=O)C3=CC=C(C=C3)OC)C=CC(=C2)F)CC(=O)O
11407637,67.0,CC1=C(C2=C(N1S(=O)(=O)C3=CC=C(C=C3)S(=O)(=O)C)C=CC(=C2)F)CC(=O)O
44188793,90.0,CC1=C(C2=C(N1S(=O)(=O)C3=CC=C(C=C3)S(=O)(=O)C)SC=C2)CC(=O)O
44188967,390.0,CC1=C(C2=C(N1S(=O)(=O)C3=CC=C(C=C3)S(=O)(=O)N4CCCC4)SC=C2)CC(=O)O
44188966,230.0,CC1=C(C2=C(N1S(=O)(=O)C3=CC=C(C=C3)S(=O)(=O)N4CCOCC4)SC=C2)CC(=O)O
11494321,639.0,CC1=C(C2=C(N1S(=O)(=O)C3=CC=CC(=C3)F)C=CC(=C2)F)CC(=O)O
11573799,987.0,CC1=C(C2=C(N1S(=O)(=O)C3=CC=CC=C3)C=CC(=C2)F)CC(=O)O
44188794,2750.0,CC1=C(C2=C(N1S(=O)(=O)C3=CC=CC=C3)SC=C2)CC(=O)O
44414799,5200.0,CC1=C(C2=CC=CC=C2N1C3=NC=NC=C3)CC(=O)O
67150789,556.0,CC1=C(C2=CC=CC=C2N1CC(=O)O)C3=CN(C(=O)C=C3)C(C)C
57505280,711.0,CC1=C(C2=CC=CC=C2N1CC(=O)O)C3=CN(C(=O)C=C3)CC(F)(F)F
57505286,21.0,CC1=C(C2=CC=CC=C2N1CC(=O)O)C3=CN(C(=O)C=C3)CC4=C(C=CC=C4F)F
57505266,42.0,CC1=C(C2=CC=CC=C2N1CC(=O)O)C3=CN(C(=O)C=C3)CC4=CC=CC=C4
60153792,16.0,CC1=C(C2=CC=CC=C2N1CC(=O)O)C3=NN(C(=O)C4=CC=CC=C43)CC5=CC=CC=C5
57505183,134.0,CC1=C(C2=CC=CC=C2N1CC(=O)O)C3=NN(C(=O)C=C3)CC4=CC=CC=C4
57505332,20.0,CC1=C(C2=CC=CC=C2N1CC(=O)O)CC3=NN(C(=O)C=C3)CC4=C(C=C(C=C4)F)F
52920145,32.0,CC1=C(C2=CC=CC=C2N1CC(=O)O)CC3=NN(C(=O)C=C3)CC4=CC=CC=C4
71459332,34.0,CC1=C(C2=CC=CC=C2N1CC(=O)O)CCN(C)S(=O)(=O)C3=CC=C(C=C3)F
57740764,20.0,CC1=C(C2=CC=CC=C2N1CC3=CC=C(C=C3)S(=O)(=O)C)CC(=O)O
54586481,0.2,CC1=C(C=C(C=C1)C#N)C2=C(C=CC(=C2)C(F)(F)F)OCC(=O)O
46865973,190.0,CC1=C(C=C(C=C1)S(=O)(=O)C(C)C)C#CC2=C(C=CC(=C2)Cl)OCC(=O)O
56594647,64.0,CC1=C(C=C(C=C1)S(=O)(=O)C)C#CC2=C(C=CC(=C2)Cl)OCC(=O)O
46866480,260.0,CC1=C(C=C(C=C1)S(=O)(=O)C2=CC=CC=C2)C#CC3=C(C=CC(=C3)Cl)OCC(=O)O
76317267,380.0,CC1=C(C=C(C=C1)S(=O)(=O)C2=CC=CC=C2CC3=C(N(N=C3C4=CC=CC=C4)CC(=O)O)C)C
56594652,120.0,CC1=C(C=C(C=C1)S(=O)(=O)CC(C)C)C#CC2=C(C=CC(=C2)Cl)OCC(=O)O
56594781,310.0,CC1=C(C=C(C=C1)S(=O)(=O)CCCO)C#CC2=C(C=CC(=C2)Cl)OCC(=O)O
56594904,140.0,CC1=C(C=C(C=C1)S(=O)(=O)N(C)C(C)C)C#CC2=C(C=CC(=C2)Cl)OCC(=O)O
46866266,77.0,CC1=C(C=C(C=C1)S(=O)(=O)N(C)C)C#CC2=C(C=CC(=C2)Cl)OCC(=O)O
46866382,77.0,CC1=C(C=C(C=C1)S(=O)(=O)N(C)CCOC)C#CC2=C(C=CC(=C2)Cl)OCC(=O)O
56594785,250.0,CC1=C(C=C(C=C1)S(=O)(=O)NC(C)C)C#CC2=C(C=CC(=C2)Cl)OCC(=O)O
46866583,88.0,CC1=C(C=C(C=C1)S(=O)(=O)NCCOC)C#CC2=C(C=CC(=C2)Cl)OCC(=O)O
76324645,720.0,CC1=C(C=C(C=C1)S(=O)C2=CC=CC=C2CC3=C(N(N=C3C4=CC=CC=C4)CC(=O)O)C)C
76320970,2300.0,CC1=C(C=C(C=C1)SC2=CC=CC=C2CC3=C(N(N=C3C4=CC=CC=C4)CC(=O)O)C)C
46189872,0.02,CC1=C(C=C2C=CC(=CC2=C1OC3=C(C=C(C=N3)S(=O)(=O)C)Br)F)CC(=O)O
54580767,0.4,CC1=C(C=CC(=C1)N(C)S(=O)(=O)C)C2=C(C=CC(=C2)C(F)(F)F)OCC(=O)O
67219271,4.0,CC1=C(C=CC(=C1)S(=O)(=O)C)CN2C(=C(C3=C2N=CC=C3)CC(=O)O)C
10473927,1.3,CC1=C(C=CC2=C1C(=C(N2CC(=O)O)C)SC3=CC=C(C=C3)Cl)F
127032357,10000.0,CC1=C(N(C(=O)N1CC2=CC=CC=C2S(=O)(=O)C3=CC=C(C=C3)F)CC(=O)O)C4=CC=CC=C4
71226106,64.0,CC1=C(N(N=C1)C)CC2=C(C=CC(=C2)C(F)(F)F)C3=CN(C4=C3C=C(C=C4)F)CC(=O)O
127033600,5.0,CC1=C(N2C=NC=CC2=C1CC(=O)O)CC3=C(C=CC(=C3)OC)S(=O)(=O)C4=CC=C(C=C4)F
127033310,12.0,CC1=C(N2C=NC=CC2=C1CC(=O)O)CC3=CC=CC=C3S(=O)(=O)C4=CC=CC=C4
127031169,8.0,CC1=C(N=C(N1CC(=O)O)C2=CC=CC=C2)CC3=CC=CC=C3S(=O)(=O)C4=CC=C(C=C4)F
71552247,140.0,CC1=C2C(=CC=C1)C(=CN2CC(=O)O)C=C(C#N)C(=O)N(C)C3=CC=CC=C3
11559328,107.0,CC1=C2C(=CC=C1)C3=C(N2CC(=O)O)CCN(C3)C(=O)C4=CC=CC=C4
71552163,10.0,CC1=C2C(=CC=C1)N(C=C2C=C(C#N)C(=O)N(C)C3=CC=CC=C3)CC(=O)O
3568495,990.0,CC1=CC(=C(C=C1)C2=C(SC(=N2)C3=CC=C(C=C3)Cl)CC(=O)O)C
71225636,4.0,CC1=CC(=C(C=C1)N2C=C(C3=C2N=C(C=C3)C)CC(=O)O)CC4=C(C=NN4CC5CC5)C
71226159,1000.0,CC1=CC(=C(C=C1)N2C=C(C3=C2N=C(C=C3)C)CC(=O)O)CC4=CC=NN4CC5=CC=CC=C5
71225932,150.0,CC1=CC(=C(C=C1)N2C=C(C3=C2N=C(C=C3)C)CC(=O)O)CN4C(=CN=N4)C
71225655,1.0,CC1=CC(=C(C=C1)N2C=C(C3=C2N=C(C=C3)C)CC(=O)O)CN4C(=NN=C4C)C
118715182,250.0,CC1=CC(=C(C=C1)N2C=C(C3=C2N=C(C=C3)C)CC(=O)O)CN4C=CN=C4C
118715183,30.0,CC1=CC(=C(C=C1)N2C=C(C3=C2N=C(C=C3)C)CC(=O)O)CN4C=CN=C4C5=CC=CC=C5
118715186,7.0,CC1=CC(=C(C=C1)N2C=C(C3=C2N=C(C=C3)CC4=CC=CC=C4)CC(=O)O)CN5C(=NN=C5C)C
70686260,1200.0,CC1=CC(=C(C=C1)OC)CSC2=NC3=CC=CC=C3N2CC(=O)O
44417462,48.0,CC1=CC(=C(C=C1)OCC(=O)O)C(=O)C2=CN(N=C2)C3=CC=CC=C3
11195860,708.0,CC1=CC(=C(C=C1)OCC(=O)O)C2=CC=CC=C2
70682000,105.0,CC1=CC(=CC=C1)CSC2=NC3=CC=CC=C3N2CC(=O)O
53325911,13.0,CC1=CC(=CC=C1)S(=O)(=O)N(C)C2CCC3=C(C4=CC=CC=C4N3C2)CC(=O)O
46229993,880.0,CC1=CC(=CN=C1N)C2=C(SC(=N2)C(C3=CC=C(C=C3)F)C4=CC=C(C=C4)F)CC(=O)O
44414741,125.0,CC1=CC2=C(C=C1)C(=C(N2CC(=O)O)C)C3=C4C=CC(=CC4=NC=C3)Cl
71552246,690.0,CC1=CC2=C(C=C1)C(=CN2CC(=O)O)C=C(C#N)C(=O)N(C)C3=CC=CC=C3
68509240,1590.0,CC1=CC2=C(C=C1)C3=C(N2CC(=O)O)CCN(C3)C(=O)C4=CC=CC=C4
44414775,68.0,CC1=CC2=C(C=C1)N(C(=C2C3=C4C=C(C=CC4=NC=C3)C(F)(F)F)C)CC(=O)O
10340798,5.4,CC1=CC2=C(C=C1)N(C(=C2C3=C4C=CC(=CC4=NC=C3)C(F)(F)F)C)CC(=O)O
11405875,8.0,CC1=CC2=C(C=C1)N(C(=C2C3=C4C=CC(=CC4=NC=C3)Cl)C)CC(=O)O
10046404,6.0,CC1=CC2=C(C=C1)N(C(=C2C3=C4C=CC=C(C4=NC=C3)C(F)(F)F)C)CC(=O)O
10090208,2.3,CC1=CC2=C(C=C1)N(C(=C2C3=C4C=CC=C(C4=NC=C3)Cl)C)CC(=O)O
10066327,7.1000000000000005,CC1=CC2=C(C=C1)N(C(=C2C3=C4C=CC=C(C4=NC=C3)F)C)CC(=O)O
44414678,11.0,CC1=CC2=C(C=C1)N(C(=C2C3=C4C=CC=C(C4=NC=C3)OC)C)CC(=O)O
11742188,23.0,CC1=CC2=C(C=C1)N(C(=C2C3=C4C=CC=C(C4=NC=C3)S(=O)(=O)C)C)CC(=O)O
44414758,18.0,CC1=CC2=C(C=C1)N(C(=C2C3=CC(=NC4=CC=CC=C43)C)C)CC(=O)O
10428273,18.0,CC1=CC2=C(C=C1)N(C(=C2C3=CC=NC4=C(C=CC=C34)C#N)C)CC(=O)O
10337564,2.6,CC1=CC2=C(C=C1)N(C(=C2C3=CC=NC4=C(C=CC=C34)C)C)CC(=O)O
10065219,21.0,CC1=CC2=C(C=C1)N(C(=C2C3=CC=NC4=CC=CC=C34)C)CC(=O)O
57505304,1120.0,CC1=CC2=C(C=C1)N(C(=C2C3=CN(C(=O)C=C3)CC(F)(F)F)C)CC(=O)O
57505193,34.0,CC1=CC2=C(C=C1)N(C(=C2C3=NN(C(=O)C=C3)CC4=CC=CC=C4)C)CC(=O)O
10047280,126.0,CC1=CC2=C(C=C1)N(C(=C2S(=O)(=O)C3=C(C=CC=C3Cl)Cl)C)CC(=O)O
9999681,79.0,CC1=CC2=C(C=C1)N(C(=C2S(=O)(=O)C3=CC(=CC=C3)Cl)C)CC(=O)O
10407275,26.0,CC1=CC2=C(C=C1)N(C(=C2S(=O)(=O)C3=CC=C(C=C3)Cl)C)CC(=O)O
10022229,71.0,CC1=CC2=C(C=C1)N(C(=C2S(=O)(=O)C3=CC=CC(=C3)OC)C)CC(=O)O
10317477,178.0,CC1=CC2=C(C=C1)N(C(=C2S(=O)(=O)C3=CC=CC=C3Cl)C)CC(=O)O
10021510,1000.0,CC1=CC2=C(C=C1)N(C(=C2S(=O)C3=CC=C(C=C3)Cl)C)CC(=O)O
10405318,3.0,CC1=CC2=C(C=C1)N(C(=C2SC3=CC(=CC=C3)Cl)C)CC(=O)O
10020475,15.0,CC1=CC2=C(C=C1)N(C(=C2SC3=CC=C(C=C3)Cl)C)CC(=O)O
10042953,7.1000000000000005,CC1=CC2=C(C=C1)N(C(=C2SC3=CC=C(C=C3)OC)C)CC(=O)O
10023245,1.4,CC1=CC2=C(C=C1)N(C(=C2SC3=CC=C(C=C3)S(=O)(=O)C)C)CC(=O)O
57400872,20.0,CC1=CC2=C(C=C1)N(C(=C2SC3=CC=CC=C3)C)CC(=O)O
10043211,2.6,CC1=CC2=C(C=C1)N(C(=C2SC3=CC=CC=C3Cl)C)CC(=O)O
68508048,5.0,CC1=CC2=C(C=C1)N(C3=C2CN(CC3)C(=O)C4=CC=CC5=CC=CC=C54)CC(=O)O
11595451,11.0,CC1=CC2=C(C=C1)N(C3=C2CN(CC3)C(=O)C4=CC=CC=C4)CC(=O)O
71552164,7.0,CC1=CC2=C(C=C1)N(C=C2C=C(C#N)C(=O)N(C)C3=CC=CC=C3)CC(=O)O
25106871,22.0,CC1=CC2=C(N1C)C=CC(=C2NS(=O)(=O)C3=C(C=C(C=C3)Cl)Cl)OC4=C(C=C(C=C4)CC(=O)O)OC
53324951,330.0,CC1=CC2=C(S1)N(C(=C2CC(=O)O)C)CC3=C(C=C(C=C3)S(=O)(=O)C)Cl
53318324,1800.0,CC1=CC2=C(S1)N(C(=C2CC(=O)O)C)CC3=CC=C(C=C3)S(=O)(=O)C
72736853,5.2,CC1=CC=C(C=C1)C(=O)NC2=CC=C(C=C2)C(=O)C3=NC=C(C4=CC=CC=C43)CC(=O)O
57393037,6.2,CC1=CC=C(C=C1)C(C2=CC=C(C=C2)C)C3=CN(C(=O)C=C3)CCCC4=CC(=CC=C4)OCC(=O)O
46229758,250.0,CC1=CC=C(C=C1)CC2=NC(=C(S2)CC(=O)O)C3=CC=CC=C3
70689411,15.0,CC1=CC=C(C=C1)CN2C(=O)CN=C(C3=CC=CC=C32)C4=C(C=CC(=C4)CC(=O)O)OC
70696659,220.0,CC1=CC=C(C=C1)CSC2=NC3=CC=CC=C3N2CC(=O)O
15422467,560.0,CC1=CC=C(C=C1)NC2=NC(=C(S2)CC(=O)O)C3=CC=C(C=C3)Cl
5722969,3660.0,CC1=CC=C(C=C1)NCC(=O)NN=CC2=CC=CC=C2OCC(=O)O
11245359,2184.0,CC1=CC=C(C=C1)S(=O)(=O)N2C(=C(C3=C2C=CC(=C3)F)CC(=O)O)C
59644621,28.0,CC1=CC=C(C=C1)S(=O)(=O)NC2=CC=CC=C2C(=O)C3=C(C=CC(=C3)CC(=O)O)OC
70682001,810.0,CC1=CC=CC=C1CSC2=NC3=CC=CC=C3N2CC(=O)O
76317265,220.0,CC1=CC=CC=C1S(=O)(=O)C2=CC=CC=C2CC3=C(N(N=C3C4=CC=CC=C4)CC(=O)O)C
53316672,27.0,CC1=CC=CC=C1S(=O)(=O)N(C)C2CCC3=C(C4=CC=CC=C4N3C2)CC(=O)O
53322311,1500.0,CC1=CSC2=C1C(=C(N2CC3=CC=C(C=C3)S(=O)(=O)C)C)CC(=O)O
53319673,1300.0,CC1=CSC2=C1C(=C(N2S(=O)(=O)C3=CC=C(C=C3)S(=O)(=O)C)C)CC(=O)O
3159627,5500.0,CC1=NC(=C(S1)CC(=O)O)C2=CC=C(C=C2)Cl
15950020,236.0,CC1=NC(=CS1)CN2C(=O)CC3(C2=O)C4=C(C=CC(=C4)Cl)N(C3=O)CC(=O)O
71225530,5.0,CC1=NC2=C(C=C(N2C=C1)CC(=O)O)C3=C(C=C(C=C3)C(F)(F)F)CC4=C(ON=C4C)C5CC5
127033601,4.0,CC1=NC2=C(C=C1)C(=C(N2CC3=C(C=CC(=C3)OC)S(=O)(=O)C4=CC=C(C=C4)F)C)CC(=O)O
127033599,14.0,CC1=NC2=C(C=C1)C(=C(N2CC3=CC=CC=C3S(=O)(=O)C4=CC=CC=C4)C)CC(=O)O
118715174,4.0,CC1=NC2=C(C=C1)C(=CN2C3=C(C=C(C=C3)C(=O)NCCC4=CC=CC=C4)CSC(C)(C)C)CC(=O)O
71225497,1.0,CC1=NC2=C(C=C1)C(=CN2C3=C(C=C(C=C3)C(F)(F)F)CC4=C(ON=C4C)C5CC5)CC(=O)O
71225804,3.0,CC1=NC2=C(C=C1)C(=CN2C3=C(C=C(C=C3)C(F)(F)F)CC4=C(ON=C4C5CC5)C6CC6)CC(=O)O
71225712,28.0,CC1=NC2=C(C=C1)C(=CN2C3=C(C=C(C=C3)C(F)(F)F)CN(C(C)C)C(=O)C4CC4)CC(=O)O
118716858,11.0,CC1=NC2=C(C=C1)C(=CN2C3=C(C=C(C=C3)C(F)(F)F)CN(CC4CC4)C(=O)C5CC5)CC(=O)O
118716861,14.0,CC1=NC2=C(C=C1)C(=CN2C3=C(C=C(C=C3)C(F)(F)F)CN(CCO)C(=O)C4CC4)CC(=O)O
118716860,4.0,CC1=NC2=C(C=C1)C(=CN2C3=C(C=C(C=C3)C(F)(F)F)CN(CCOC)C(=O)C4CC4)CC(=O)O
118716859,4.0,CC1=NC2=C(C=C1)C(=CN2C3=C(C=C(C=C3)C(F)(F)F)CN(CCOC4=CC=CC=C4)C(=O)C5CC5)CC(=O)O
71225823,3.0,CC1=NC2=C(C=C1)C(=CN2C3=C(C=C(C=C3)Cl)CC4=C(ON=C4C)CC5=CC=CC=C5)CC(=O)O
71225896,6.0,CC1=NC2=C(C=C1)C(=CN2C3=C(C=C(C=C3)Cl)CC4=C(ON=C4C5CC5)C6CC6)CC(=O)O
118715184,1400.0,CC1=NC2=C(C=C1)C(=CN2C3=C(C=C(C=C3)Cl)CC4=CN=CN=C4)CC(=O)O
118715185,170.0,CC1=NC2=C(C=C1)C(=CN2C3=C(C=C(C=C3)Cl)CC4=CN=CN=C4C(C)C)CC(=O)O
71225606,4.0,CC1=NC2=C(C=C1)C(=CN2C3=C(C=C(C=C3)Cl)CN4C(=NN=C4C5CC5)C)CC(=O)O
71225493,2.0,CC1=NC2=C(C=C1)C(=CN2C3=C(C=C(C=C3)Cl)CN4C(=NN=C4CC5=CC=CC=C5)C)CC(=O)O
118715187,5.0,CC1=NC2=C(C=C1)C(=CN2C3=C(C=C(C=C3)Cl)CN4C(=NN=C4CCC5=CC=CC=C5)C)CC(=O)O
71225800,6.0,CC1=NC2=C(C=C1)C(=CN2C3=C(C=C(C=C3)F)CC4=C(C=NN4C)C)CC(=O)O
71225937,2.0,CC1=NC2=C(C=C1)C(=CN2C3=C(C=C(C=C3)F)CC4=C(ON=C4C)C)CC(=O)O
71225451,1.0,CC1=NC2=C(C=C1)C(=CN2C3=C(C=C(C=C3)F)CC4=C(ON=C4C)C5CC5)CC(=O)O
118715181,580.0,CC1=NC2=C(C=C1)C(=CN2C3=CC=CC=C3CN4C=CN=C4)CC(=O)O
71225700,1800.0,CC1=NC2=C(C=C1)C(=CN2C3=CC=CC=C3CN4C=CN=N4)CC(=O)O
127032055,18.0,CC1=NC2=C(C=C1)C(=CN2CC3=C(C=CC(=C3)OC)S(=O)(=O)C4=CC=C(C=C4)F)CC(=O)O
57395613,56.0,CC1=NC2=C(C=C1)N(C(=C2SC3=CC=C(C=C3)Cl)C)CC(=O)O
71225486,5.0,CC1=NC2=C(C=C1)N(C=C2C3=C(C=C(C=C3)C(F)(F)F)CC4=C(ON=C4C)C)CC(=O)O
16118987,3.1,CC1=NC=CC(=C1)C2=C(SC(=N2)C(C3=CC=C(C=C3)F)C4=CC=C(C=C4)F)CC(=O)O
73347358,1600.0,CC1=NN(C(=C1CC(=O)O)OC)C2=CC=CC(=C2)NC(=O)C3CC3C4=CC=CC=C4
71225773,3.0,CC1=NN2C(=C(C=C2C3=C(C=C(C=C3)C(F)(F)F)CC4=C(ON=C4C)C5CC5)CC(=O)O)C=C1
118715176,27.0,CC1=NN=C(N1CC2=C(C=CC(=C2)C(F)(F)F)C3=C(C=CC(=C3)CC(=O)O)OC)C4CC4
71223554,2.0,CC1=NN=C(N1CC2=C(C=CC(=C2)C(F)(F)F)C3=CN(C4=C3C=C(C=C4)F)CC(=O)O)C5CC5
71226404,7.0,CC1=NN=C(N1CC2=C(C=CC(=C2)C(F)(F)F)N3C=C(C4=C3C=C(C=C4)F)CC(=O)O)C5CC5
71223324,37.0,CC1=NOC(=C1CC2=C(C=CC(=C2)C(F)(F)F)C3=CN(C4=C3C=C(C=C4)F)CC(=O)O)C5CC5
71482237,23.0,CC1=NOC(=C1CC2=C(C=CC(=C2)C(F)(F)F)C3=CN(C4=C3N=C(C=C4)C(F)(F)F)CC(=O)O)C5CC5
118715189,7.0,CC1=NOC(=C1CC2=C(C=CC(=C2)Cl)N3C=C(C4=C3N=C(C=C4)CC5=CC=CC=C5)CC(=O)O)C6CC6
71227039,16.0,CC1=NOC(=C1CC2=C(C=CC(=C2)F)C3=CN(C4=C3C=C(C=C4)C(F)(F)F)CC(=O)O)C5CC5
24776295,23.0,CC1=NOC(=C1CN2C(=O)CC3(C2=O)C4=C(C=CC(=C4)Cl)N(C3=O)CC(=O)O)C5=CC=CC=C5
24776298,0.23,CC1=NOC(=C1CN2CC3(CC2=O)C4=C(C=CC(=C4)Cl)N(C3=O)CC(=O)O)C5=CC=CC=C5
44205724,180.0,CC1C(OC(=O)N1CC2=C(C=CC(=C2)C(F)(F)F)C3=C(C=CC(=C3)CC(=O)O)OC)C4=CC=CC=C4
44205720,340.0,CC1C(OC(=O)N1CC2=C(C=CC(=C2)C(F)(F)F)C3=CC=CC(=C3)CC(=O)O)C4=CC=CC=C4
57398275,9800.0,CC1C(OC(=O)N1CC2=C(C=CC(=C2)C(F)(F)F)C3=CC=CC(=C3)CCC(=O)O)C4=CC=CC=C4
44205513,360.0,CC1C(OC(=O)N1CC2=C(C=CC(=C2)F)C3=C(C=CC(=C3)CC(=O)O)OC)C4=CC=CC=C4
57391226,360.0,CC1C(OC(=O)N1CC2=C(C=CC(=C2)F)C3=CC=C(C=C3)CC(=O)O)C4=CC=CC=C4
44205514,1300.0,CC1C(OC(=O)N1CC2=C(C=CC(=C2)OC)C3=C(C=CC(=C3)CC(=O)O)OC)C4=CC=CC=C4
44205512,880.0,CC1C(OC(=O)N1CC2=CC=CC=C2C3=C(C=CC(=C3)CC(=O)O)OC)C4=CC=CC=C4
46879286,92.0,CC1CC(C2=CC=CC=C2N1C(=O)C3=CC(=C(C=C3)C)C)N(C4=CC=CC=C4)C(=O)C
21093095|46879377,121.0,CC1CC(C2=CC=CC=C2N1C(=O)C3=CC(=CC=C3)OC(F)(F)F)N(C4=CC=CC=C4)C(=O)C
7097677|7097680,97.5,CC1CC(C2=CC=CC=C2N1C(=O)C3=CC(=CC=C3)OC)N(C4=CC=CC=C4)C(=O)C
2835229,34.0,CC1CC(C2=CC=CC=C2N1C(=O)C3=CC=C(C=C3)C(C)(C)C)N(C4=CC=CC=C4)C(=O)C
46879285,41.0,CC1CC(C2=CC=CC=C2N1C(=O)C3=CC=C(C=C3)C)N(C4=CC=CC=C4)C(=O)C
10251489,93.0,CC1CC(C2=CC=CC=C2N1C(=O)C3=CC=C(C=C3)Cl)N(C4=CC=CC=C4)C(=O)C
46879319,26.0,CC1CC(C2=CC=CC=C2N1C(=O)C3=CC=C(C=C3)OC(F)(F)F)N(C4=CC=CC=C4)C(=O)C
3135989,9.0,CC1CC(C2=CC=CC=C2N1C(=O)C3=CC=C(C=C3)OC)N(C4=CC=CC=C4)C(=O)C
46879342,13.0,CC1CC(C2=CC=CC=C2N1C(=O)C3=CC=C(C=C3)OC4=CC=CC=C4)N(C5=CC=CC=C5)C(=O)C
46879284,74.0,CC1CC(C2=CC=CC=C2N1C(=O)C3=CC=CC(=C3)C)N(C4=CC=CC=C4)C(=O)C
1101166|1101169,218.5,CC1CC(C2=CC=CC=C2N1C(=O)C3=CC=CC=C3)N(C4=CC=CC=C4)C(=O)C
3753058,105.0,CC1CC(C2=CC=CC=C2N1C(=O)C3=CC=CC=C3)N(C4=CC=CC=C4)C(=O)C5=CC=CC=C5
46879132,2280.0,CC1CC(C2=CC=CC=C2N1C(=O)C3=CC=CC=C3)N(C4=CC=CC=C4)C(=O)C=CC(=O)O
22935743,540.0,CC1CC(C2=CC=CC=C2N1C(=O)C3=CC=CC=C3)N(C4=CC=CC=C4)C(=O)CC(=O)O
46879022|46879343|46879344,5.0,CC1CC(C2=CC=CC=C2N1C(=O)C3=CC=CC=C3)N(C4=CC=CC=C4)C(=O)CCC(=O)O
46879023,29.0,CC1CC(C2=CC=CC=C2N1C(=O)C3=CC=CC=C3)N(C4=CC=CC=C4)C(=O)CCC(=O)ON
46879131,22.0,CC1CC(C2=CC=CC=C2N1C(=O)C3=CC=CC=C3)N(C4=CC=CC=C4)C(=O)CCCC(=O)O
17121284,5500.0,CC1CC(C2=CC=CC=C2N1C(=O)C3=CC=CC=C3)N(C4=CC=CC=C4)S(=O)(=O)C5=CC=CC=C5
10430988,430.0,CC1CC(C2=CC=CC=C2N1C(=O)C3=CC=CC=C3)N(CC4=CC=CC=C4)C(=O)C
5197257,3620.0,CC1CC(C2=CC=CC=C2N1C(=O)C3=CC=CC=C3)NC(=O)C
46878930,1420.0,CC1CC(C2=CC=CC=C2N1C(=O)C3=CC=CC=C3C)N(C4=CC=CC=C4)C(=O)C
5290618,210.0,CC1CC(C2=CC=CC=C2N1C(=O)C=CC3=CC=CC=C3)N(C4=CC=CC=C4)C(=O)C
10069458,1750.0,CC1CC(C2=CC=CC=C2N1C(=O)CC3=CC=CC=C3)N(C4=CC=CC=C4)C(=O)C
46878931,910.0,CC1CC(C2=CC=CC=C2N1C(=O)OCC3=CC=CC=C3)N(C4=CC=CC=C4)C(=O)C
22935741,200.0,CC1CC(C2=CC=CC=C2N1CC3=CC=CC=C3)N(C4=CC=CC=C4)C(=O)C
11452761,9.700000000000001,CC1CCC2=C(C1)C3=C(N2CC(=O)O)C=CC(=C3)NS(=O)(=O)C4=CC=C(C=C4)F
56594906,310.0,CC1CCCCN1S(=O)(=O)C2=CC(=C(C=C2)C)C#CC3=C(C=CC(=C3)Cl)OCC(=O)O
11604412,71.0,CC1CN(CC(N1C(=O)CC2=CC=CC=C2)C)CC3=C(C=CC(=C3)Cl)OCC(=O)O
51357126,20.0,CC1CN(CCN1C(=O)C(C)(C)C2=CC=C(C=C2)Cl)CC3=C(C=CC(=C3)Cl)OCC(=O)O
11639997,71.0,CC1CN(CCN1C(=O)C2=CC=CC=C2)CC3=C(C=CC(=C3)Cl)OCC(=O)O
11633804,6.8,CC1CN(CCN1C(=O)CC2=CC(=CC=C2)Cl)CC3=C(C=CC(=C3)Cl)OCC(=O)O
16678601,2.2,CC1CN(CCN1C(=O)CC2=CC=C(C=C2)Cl)CC3=C(C=CC(=C3)Cl)CC(=O)O
51357127,1.3,CC1CN(CCN1C(=O)CC2=CC=C(C=C2)Cl)CC3=C(C=CC(=C3)Cl)OC(C)C(=O)O
51357124,0.5,CC1CN(CCN1C(=O)CC2=CC=C(C=C2)Cl)CC3=C(C=CC(=C3)Cl)OCC(=O)O
51357125,0.3,CC1CN(CCN1C(=O)CC2=CC=C(C=C2)F)CC3=C(C=CC(=C3)C(F)(F)F)OCC(=O)O
11633473,1.0,CC1CN(CCN1C(=O)CC2=CC=C(C=C2)F)CC3=C(C=CC(=C3)Cl)OCC(=O)O
16678407,79.0,CC1CN(CCN1C(=O)CC2=CC=CC=C2)CC3=C(C=CC(=C3)Cl)CCC(=O)O
11640298,3.3,CC1CN(CCN1C(=O)CC2=CC=CC=C2)CC3=C(C=CC(=C3)Cl)OCC(=O)O
11554216,5.6,CC1CN(CCN1C(=O)CC2=CC=CC=C2Cl)CC3=C(C=CC(=C3)Cl)OCC(=O)O
11676516,28.0,CC1CN(CCN1CC2=C(C=CC(=C2)Cl)OCC(=O)O)S(=O)(=O)C3=CC=CC=C3
51357128,708.0,CC1CN(CCN1S(=O)(=O)C2=CC=CC=C2)CC3=C(C=CC(=C3)Cl)OC(C)(C)C(=O)O
11655069|11690704|51357123,4.5,CC1CN(CCN1S(=O)(=O)C2=CC=CC=C2)CC3=C(C=CC(=C3)Cl)OCC(=O)O
16678606,50.0,CC1CN(CCN1S(=O)(=O)CC2=CC=CC=C2)CC3=C(C=CC(=C3)Cl)CC(=O)NS(=O)(=O)C
16678600,0.6,CC1CN(CCN1S(=O)(=O)CC2=CC=CC=C2)CC3=C(C=CC(=C3)Cl)CC(=O)O
49871995,85.0,CCC(=O)N(CC1=CC(=CC=C1)O)C2=CC(=CC(=C2)C3=NNN=N3)F
49872871,64.0,CCC(=O)N(CC1=CC(=CC=C1)OC)C2=CC(=CC(=C2)C3=NNN=N3)F
49843520,37.0,CCC(=O)N(CC1=CC=C(C=C1)C(F)(F)F)C2=CC(=CC(=C2)C3=NNN=N3)F
57400193,2.0,CCC(=O)NC1=CC(=C(C=C1)OC2=C(C=CC(=C2)CC(=O)O)OC)C(=O)NC(C)(C)CC3=CC=C(C=C3)F
57395006|57396755,8.0,CCC(=O)NC1=CC(=C(C=C1)OC2=C(C=CC(=C2)CC(=O)O)OC)C(=O)NC(C)C3=CC=C(C=C3)Cl
56834987,1.0,CCC(=O)NC1=CC(=C(C=C1)OC2=C(C=CC(=C2)CC(=O)O)OC)C(=O)NC(C)C3=CC=CC=C3
57398524,7.0,CCC(=O)NC1=CC(=C(C=C1)OC2=C(C=CC(=C2)CC(=O)O)OC)C(=O)NCC3=CC=C(C=C3)Cl
57396756,2.0,CCC(=O)NC1=CC(=C(C=C1)OC2=C(C=CC(=C2)CC(=O)O)OC)C(=O)NCCC3=CC=C(C=C3)F
45486040,7.0,CCC(=O)NC1=CC(=C(C=C1)OC2=CC=CC(=C2)CC(=O)O)NS(=O)(=O)C3=CC=C(C=C3)Cl
54584708,178.0,CCC(C(=O)O)OC1=C(C=C(C=C1)C(F)(F)F)C2=C(C=C(C=C2)S(=O)(=O)CC)C
57398304,502.0,CCC(C(=O)O)OC1=CC=CC(=C1)CCCN2C=C(C=CC2=O)C(C3=CC=CC=C3)C4=CC=CC=C4
46229937,190.0,CCC(C1=CC=CC=C1)C2=NC(=C(S2)CC(=O)O)C3=CC=C(C=C3)Cl
76314539,38.699999999999996,CCC1(CC(=NO1)C2=CC3=C(C=C2)C(=O)N(C(=N3)CCCCC(=O)O)C4=CC=C(C=C4)F)C5=CC=CC=C5
9884103,79.0,CCC1=CC(=C(C=C1)OCC(=O)O)C2=CC=C(C=C2)S(=O)(=O)C
4033797,1300.0,CCC1=CC=C(C=C1)C2=C(SC(=N2)C3=CC=CC=C3)CC(=O)O
3880137,1400.0,CCC1=CC=C(C=C1)C2=C(SC(=N2)C3=CC=CC=C3OC)CC(=O)O
68505312,23.0,CCC1=CC=C(C=C1)C2=CC=C(C=C2)C(=O)N3CCC4=C(C3)C5=C(N4CC(=O)O)C(=CC=C5)Cl
11539410,4.0,CCC1=CC=C(C=C1)C2=CC=C(C=C2)C(=O)N3CCC4=C(C3)C5=CC=CC=C5N4CC(=O)O
53321678,15.0,CCC1=CC=C(C=C1)S(=O)(=O)N(C)C2CCC3=C(C4=CC=CC=C4N3C2)CC(=O)O
57401263,6.0,CCC1=NC(=NN1)C2=CC(=C(C=C2)OC3=C(C=C(C=C3)CC(=O)O)OC)NS(=O)(=O)C4=C(C=C(C=C4)Cl)Cl
137643575,6.0,CCC1=NC2=C(C=C1)C(=C(N2CC3=CC=C(C=C3)S(=O)(=O)C)C)CC(=O)O
71225631,10.0,CCC1=NC2=C(C=C1)C(=CN2C3=C(C=C(C=C3)C(F)(F)F)CN(CC)C(=O)C4CC4)CC(=O)O
57392568,770.0,CCC1=NOC(=N1)C2=CC(=C(C=C2)OC3=C(C=C(C=C3)CC(=O)O)OC)NS(=O)(=O)C4=C(C=C(C=C4)Cl)Cl
11539725,4.5,CCC1CN(CCN1S(=O)(=O)C2=CC=CC=C2)CC3=C(C=CC(=C3)Cl)OCC(=O)O
76332661,73.4,CCCC1(CC(=NO1)C2=CC3=C(C=C2)C(=O)N(C(=N3)CCCCC(=O)O)C4=CC=C(C=C4)F)C5=CC=CC=C5
56594649,1200.0,CCCC1=C(C=C(C=C1)S(=O)(=O)C)C#CC2=C(C=CC(=C2)Cl)OCC(=O)O
57335749,2.0,CCCC1=CC(=NN1)C2=CC(=C(C=C2)OC3=C(C=C(C=C3)CC(=O)O)OC)NS(=O)(=O)C4=C(C=C(C=C4)Cl)Cl
90644206,57.0,CCCC1=CC2=C(N1)C=CC(=C2NS(=O)(=O)C3=C(C=C(C=C3)Cl)Cl)OC4=C(C=C(C=C4)CC(=O)O)OC
57397843,4.0,CCCC1=NC(=NN1)C2=CC(=C(C=C2)OC3=C(C=C(C=C3)CC(=O)O)OC)NS(=O)(=O)C4=C(C=C(C=C4)Cl)Cl
118715180,51.0,CCCC1=NC2=CC=CC=C2N1CC3=CC=CC=C3N4C=C(C5=C4N=C(C=C5)C)CC(=O)O
57335620,2.0,CCCC1=NC=C(N1)C2=CC(=C(C=C2)OC3=C(C=C(C=C3)CC(=O)O)OC)NS(=O)(=O)C4=C(C=C(C=C4)Cl)Cl
11597936,1.3,CCCC1CN(CCN1S(=O)(=O)C2=CC=CC=C2)CC3=C(C=CC(=C3)Cl)OCC(=O)O
3091947,64.0,CCCCC(=O)N(C1CC(N(C2=CC=CC=C12)C(=O)C3=CC=CC=C3)C)C4=CC=CC=C4
67494892,2.8,CCCCC(=O)N(CC1=CC2=C(C=C1)OCCO2)C3=CC(=CC(=C3)C4=NNN=N4)F
49872872,20.0,CCCCC(=O)N(CC1=CC=C(C=C1)OC(F)(F)F)C2=CC(=CC(=C2)C3=NNN=N3)Cl
49872965,10.0,CCCCC(=O)N(CC1=CC=C(C=C1)OC)C2=CC(=CC(=C2)C3=NNN=N3)Cl
3479396,1460.0,CCCCC(=O)N1C(CC(C2=CC=CC=C21)N(C3=CC=CC=C3)C(=O)C)C
11681442,210.0,CCCCCC(=O)N1CCC2=C(C1)C3=CC=CC=C3N2CC(=O)O
69316952,1360.0,CCCCCCSC1=NC2=CC=CC=C2N1CC(=O)O
53320617,4.8999999999999995,CCCCCN(C1CCC2=C(C3=CC=CC=C3N2C1)CC(=O)O)S(=O)(=O)C4=CC=C(C=C4)F
45486009,7.0,CCCCCNC(=O)C1=CC(=C(C=C1)OC2=C(C=C(C=C2)CC(=O)O)OC)NS(=O)(=O)C3=C(C=C(C=C3)Cl)Cl
69313931,1240.0,CCCCCSC1=NC2=CC=CC=C2N1CC(=O)O
67273087,20.0,CCCCN(C1=CC=CC=C1)C(=O)C(=CC2=CN(C3=CC=CC=C32)CC(=O)O)C#N
57392564,2.0,CCCCNC(=O)C1=CC(=C(C=C1)CC2=C(C=C(C=C2)CC(=O)O)OC)NS(=O)(=O)C3=C(C=C(C=C3)Cl)Cl
69316129,15.0,CCCCNC(=O)C1=CC(=C(C=C1)OC)CSC2=NC3=C(N2CC(=O)O)C=CC(=C3)F
57398778,4.0,CCCCNC(=O)C1=CC(=C(C=C1)OC2=C(C=C(C(=C2)F)CC(=O)O)F)NS(=O)(=O)C3=C(C=C(C=C3)Cl)Cl
56834989,420.0,CCCCNC(=O)C1=CC(=C(C=C1)OC2=C(C=C(C=C2)C(C(=O)O)(F)F)OC)NS(=O)(=O)C3=C(C=C(C=C3)Cl)Cl
57401983,330.0,CCCCNC(=O)C1=CC(=C(C=C1)OC2=C(C=C(C=C2)CC(=O)NS(=O)(=O)C)OC)NS(=O)(=O)C3=C(C=C(C=C3)Cl)Cl
57395245,18.0,CCCCNC(=O)C1=CC(=C(C=C1)OC2=C(C=C(C=C2)CC(=O)O)C#N)NS(=O)(=O)C3=C(C=C(C=C3)Cl)Cl
57391800,3.0,CCCCNC(=O)C1=CC(=C(C=C1)OC2=C(C=C(C=C2)CC(=O)O)C)NS(=O)(=O)C3=C(C=C(C=C3)Cl)Cl
57393532,6.0,CCCCNC(=O)C1=CC(=C(C=C1)OC2=C(C=C(C=C2)CC(=O)O)Cl)NS(=O)(=O)C3=C(C=C(C=C3)Cl)Cl
57400455,7.0,CCCCNC(=O)C1=CC(=C(C=C1)OC2=C(C=C(C=C2)CC(=O)O)F)NS(=O)(=O)C3=C(C=C(C=C3)Cl)Cl
57396747,230.0,CCCCNC(=O)C1=CC(=C(C=C1)OC2=C(C=C(C=C2)CC(=O)O)OC)NCC3=CC=C(C=C3)Cl
57393270,110.0,CCCCNC(=O)C1=CC(=C(C=C1)OC2=C(C=C(C=C2)CC(=O)O)OC)NCCC3=CC=CC=C3
57400454,32.0,CCCCNC(=O)C1=CC(=C(C=C1)OC2=C(C=C(C=C2)CC(=O)O)OC)NS(=O)(=O)C3=C(C(=CC=C3)Cl)Cl
57395244,4.0,CCCCNC(=O)C1=CC(=C(C=C1)OC2=C(C=C(C=C2)CC(=O)O)OC)NS(=O)(=O)C3=C(C=C(C=C3)C(F)(F)F)Cl
10483360,3.0,CCCCNC(=O)C1=CC(=C(C=C1)OC2=C(C=C(C=C2)CC(=O)O)OC)NS(=O)(=O)C3=C(C=C(C=C3)Cl)Cl
57403987,8.0,CCCCNC(=O)C1=CC(=C(C=C1)OC2=C(C=C(C=C2)CC(=O)O)OC)NS(=O)(=O)C3=C(C=CC(=C3)Cl)Cl
57397014,12.0,CCCCNC(=O)C1=CC(=C(C=C1)OC2=C(C=C(C=C2)CC(=O)O)OC)NS(=O)(=O)C3=C(C=CC=C3Cl)Cl
57398777,5.0,CCCCNC(=O)C1=CC(=C(C=C1)OC2=C(C=C(C=C2)CC(=O)O)OC)NS(=O)(=O)C3=CC(=C(C=C3)Cl)Cl
57400453,680.0,CCCCNC(=O)C1=CC(=C(C=C1)OC2=C(C=C(C=C2)CC(=O)O)OC)NS(=O)(=O)C3=CC(=CC(=C3)Cl)Cl
10098978,4.0,CCCCNC(=O)C1=CC(=C(C=C1)OC2=C(C=C(C=C2)CC(=O)O)OC)NS(=O)(=O)C3=CC=C(C=C3)Cl
57396754,76.0,CCCCNC(=O)C1=CC(=C(C=C1)OC2=C(C=C(C=C2)CC(=O)O)OC)S(=O)(=O)NC3=CC=C(C=C3)Cl
57396746,350.0,CCCCNC(=O)C1=CC(=C(C=C1)OC2=C(C=C(C=C2)CC3=NNN=N3)OC)NS(=O)(=O)C4=C(C=C(C=C4)Cl)Cl
57390757,3.0,CCCCNC(=O)C1=CC(=C(C=C1)OC2=CC3=C(C=C2)C(=CN3)CC(=O)O)NS(=O)(=O)C4=C(C=C(C=C4)Cl)Cl
57390758,5.0,CCCCNC(=O)C1=CC(=C(C=C1)OC2=CC3=C(C=C2)C(=CO3)CC(=O)O)NS(=O)(=O)C4=C(C=C(C=C4)Cl)Cl
57403006,580.0,CCCCNC(=O)C1=CC(=C(C=C1)OC2=CC3=C(C=C2)C(CO3)CC(=O)O)NS(=O)(=O)C4=C(C=C(C=C4)Cl)Cl
57396044,2.0,CCCCNC(=O)C1=CC(=C(C=C1)OC2=CC3=C(C=C2)N(C=C3)CC(=O)O)NS(=O)(=O)C4=C(C=C(C=C4)Cl)Cl
57396043,10.0,CCCCNC(=O)C1=CC(=C(C=C1)OC2=CN=C(C=C2)CC(=O)O)NS(=O)(=O)C3=C(C=C(C=C3)Cl)Cl
57396042,310.0,CCCCNC(=O)C1=CC(=C(C=C1)OC2=NC=C(C=C2)CC(=O)O)NS(=O)(=O)C3=C(C=C(C=C3)Cl)Cl
57392567,400.0,CCCCNC(=O)C1=CC(=C(C=C1)S(=O)(=O)C2=CC=C(C=C2)CC(=O)O)NS(=O)(=O)C3=C(C=C(C=C3)Cl)Cl
57392566,660.0,CCCCNC(=O)C1=CC(=C(C=C1)S(=O)C2=CC=C(C=C2)CC(=O)O)NS(=O)(=O)C3=C(C=C(C=C3)Cl)Cl
57392565,21.0,CCCCNC(=O)C1=CC(=C(C=C1)SC2=CC=C(C=C2)CC(=O)O)NS(=O)(=O)C3=C(C=C(C=C3)Cl)Cl
69314007,9.0,CCCCOC1=C(C=C(C=C1)C(=O)C)CSC2=NC3=C(N2CC(=O)O)C=CC(=C3)F
54587657,10.0,CCCCOC1=CC=CC=C1C2=C(C=CC(=C2)C(F)(F)F)OCC(=O)O
11301859,842.0,CCCCS(=O)(=O)N1C(=C(C2=C1C=CC(=C2)F)CC(=O)O)C
2772433,2370.0,CCCCSC1=NC2=CC=CC=C2N1CC(=O)O
45486074,2.0,CCCNC(=O)C1=CC(=C(C=C1)OC2=C(C=C(C=C2)CC(=O)O)OC)NS(=O)(=O)C3=C(C=C(C=C3)Cl)Cl
69317123,5.0,CCCOC1=C(C=C(C=C1)C(=O)C)CSC2=NC3=C(N2CC(=O)O)C=CC(=C3)F
46853755,7.0,CCCS(=O)(=O)C1=CC(=C(C=C1)C)C#CC2=C(C=CC(=C2)Cl)OCC(=O)O
56594782,23.0,CCCS(=O)(=O)C1=CC(=C(C=C1)Cl)C#CC2=C(C=CC(=C2)Cl)OCC(=O)O
56589600,8.0,CCCS(=O)(=O)C1=CC(=C(C=C1)F)C#CC2=C(C=CC(=C2)Cl)OCC(=O)O
46865874,750.0,CCCS(=O)(=O)C1=CC=CC(=C1)C#CC2=C(C=CC(=C2)Cl)OCC(=O)O
11407412,224.0,CCN(C1=CC=CC2=C1C(=C(N2CC(=O)O)C)SC3=CC=C(C=C3)Cl)C(=O)C
145967050,1840.0,CCN(C1C2CCCC2N(C3=CC=CC=C13)C(=O)C4=CC=CC=C4)C(=O)C
145976943,2920.0,CCN(C1C2CCCC2N(C3=CC=CC=C13)C(=O)OCC4=CC=CC=C4)C5=NC(=CS5)C(=O)O
46879190,250.0,CCN(C1CC(N(C2=CC=CC=C12)C(=O)C3=CC=CC=C3)C)C(=O)C
46878981,3170.0,CCN(C1CC(N(C2=CC=CC=C12)C(=O)C3=CC=CC=C3)C)C4=CC=CC=C4
53319321,8.1,CCN(C1CCC2=C(C3=CC=CC=C3N2C1)CC(=O)O)S(=O)(=O)C4=CC=C(C=C4)F
69313717,72.0,CCN(CC)C(=O)C1=CC(=C(C=C1)OC)CSC2=NC3=C(N2CC(=O)O)C=CC(=C3)F
45486058,1100.0,CCN(CC)C(=O)C1=CC(=C(C=C1)OC2=CC=CC(=C2)CC(=O)O)NS(=O)(=O)C3=CC=C(C=C3)C
11258980,1.3,CCN(CC)S(=O)(=O)C1=CC=C(C=C1)C2=C(C=CC(=C2)C(F)(F)F)OCC(=O)O
118715125,8.0,CCN(CC1=C(C=CC(=C1)C(=O)NCCC2=CC=CC=C2)N3C=C(C4=C3N=C(C=C4)C)CC(=O)O)C(=O)C5CC5
44159058,8.0,CCN(CC1=C(C=CC(=C1)C(=O)O)C2=C(C=CC(=C2)CC(=O)O)OC)C(=O)OCC3=CC=CC=C3
44158942,12.0,CCN(CC1=C(C=CC(=C1)C(C)(C)O)C2=C(C=CC(=C2)CC(=O)O)OC)C(=O)OCC3=CC=CC=C3
44159646,6.5,CCN(CC1=C(C=CC(=C1)C(F)(F)F)C2=C(C=CC(=C2)CC(=O)O)OC)C(=O)C3CC3
44158492,2.7,CCN(CC1=C(C=CC(=C1)C(F)(F)F)C2=C(C=CC(=C2)CC(=O)O)OC)C(=O)NCC3=CC=CC=C3
44159411,8.0,CCN(CC1=C(C=CC(=C1)C(F)(F)F)C2=C(C=CC(=C2)CC(=O)O)OC)C(=O)OC
44159650,4.0,CCN(CC1=C(C=CC(=C1)C(F)(F)F)C2=C(C=CC(=C2)CC(=O)O)OC)C(=O)OCC3=CC(=CC(=C3)Cl)Cl
44159770,3.0,CCN(CC1=C(C=CC(=C1)C(F)(F)F)C2=C(C=CC(=C2)CC(=O)O)OC)C(=O)OCC3=CC(=CC(=C3)F)F
44159773,2.0,CCN(CC1=C(C=CC(=C1)C(F)(F)F)C2=C(C=CC(=C2)CC(=O)O)OC)C(=O)OCC3=CC(=CC=C3)Cl
44159772,3.0,CCN(CC1=C(C=CC(=C1)C(F)(F)F)C2=C(C=CC(=C2)CC(=O)O)OC)C(=O)OCC3=CC=C(C=C3)Cl
44159771,2.0,CCN(CC1=C(C=CC(=C1)C(F)(F)F)C2=C(C=CC(=C2)CC(=O)O)OC)C(=O)OCC3=CC=C(C=C3)F
44159530,4.0,CCN(CC1=C(C=CC(=C1)C(F)(F)F)C2=C(C=CC(=C2)CC(=O)O)OC)C(=O)OCC3=CC=CC=C3
44159769,3.0,CCN(CC1=C(C=CC(=C1)C(F)(F)F)C2=C(C=CC(=C2)CC(=O)O)OC)C(=O)OCC3=CC=CC=C3Cl
71222512,7.0,CCN(CC1=C(C=CC(=C1)C(F)(F)F)C2=C3N=C(C=CN3C(=C2)CC(=O)O)C)C(=O)C4CC4
71222503,1.4,CCN(CC1=C(C=CC(=C1)C(F)(F)F)C2=C3N=CC=CN3C(=C2)CC(=O)O)C(=O)C4CC4
71222500,19.0,CCN(CC1=C(C=CC(=C1)C(F)(F)F)C2=CC(=C3N2C=NC=C3)CC(=O)O)C(=O)C4CC4
71226099,4.2,CCN(CC1=C(C=CC(=C1)C(F)(F)F)C2=CC(=C3N2N=C(C=C3)C)CC(=O)O)C(=O)C4CC4
118715118,48.0,CCN(CC1=C(C=CC(=C1)C(F)(F)F)C2=CC(=CC3=C2N(N=C3)C)CC(=O)O)C(=O)C4CC4
118715119,43.0,CCN(CC1=C(C=CC(=C1)C(F)(F)F)C2=CC(=CC3=CN(N=C23)C)CC(=O)O)C(=O)C4CC4
118715122,247.0,CCN(CC1=C(C=CC(=C1)C(F)(F)F)C2=CC(=CN3C2=CC=N3)CC(=O)O)C(=O)C4CC4
118715121,159.0,CCN(CC1=C(C=CC(=C1)C(F)(F)F)C2=CC(=CN3C2=NC=C3)CC(=O)O)C(=O)C4CC4
118715120,398.0,CCN(CC1=C(C=CC(=C1)C(F)(F)F)C2=CC(=CN3C2=NN=C3)CC(=O)O)C(=O)C4CC4
71222517,8.0,CCN(CC1=C(C=CC(=C1)C(F)(F)F)C2=CN(C3=C2C=NC=C3)CC(=O)O)C(=O)C4CC4
71482786,15.0,CCN(CC1=C(C=CC(=C1)C(F)(F)F)C2=CN(C3=C2N=C(C=C3)C(F)(F)F)CC(=O)O)C(=O)C4CC4
71222487,10.0,CCN(CC1=C(C=CC(=C1)C(F)(F)F)C2=CN(C3=C2N=C(C=C3)C)CC(=O)O)C(=O)C4CC4
71222513,14.0,CCN(CC1=C(C=CC(=C1)C(F)(F)F)C2=CN(C3=C2N=CC=C3)CC(=O)O)C(=O)C4CC4
71223330,19.0,CCN(CC1=C(C=CC(=C1)C(F)(F)F)C2=CN(C3=CC=CC=C32)CC(=O)O)C(=O)C4CC4
118715123,123.0,CCN(CC1=C(C=CC(=C1)C(F)(F)F)C2=CN3C(=CC=N3)C(=C2)CC(=O)O)C(=O)C4CC4
118715124,262.0,CCN(CC1=C(C=CC(=C1)C(F)(F)F)C2=CN3C=CC=C3C(=C2)CC(=O)O)C(=O)C4CC4
71222501,82.0,CCN(CC1=C(C=CC(=C1)C(F)(F)F)C2=NC(=C3N2C=CC=C3)CC(=O)O)C(=O)C4CC4
71222519,15.0,CCN(CC1=C(C=CC(=C1)C(F)(F)F)C2=NN(C3=C2C(=C(C=C3)Cl)F)CC(=O)O)C(=O)C4CC4
71222566,10.0,CCN(CC1=C(C=CC(=C1)C(F)(F)F)C2=NN(C3=C2C(=C(C=C3)F)Cl)CC(=O)O)C(=O)C4CC4
71223325,6.3,CCN(CC1=C(C=CC(=C1)C(F)(F)F)C2=NN(C3=C2C(=CC=C3)Cl)CC(=O)O)C(=O)C4CC4
71223583,4.3,CCN(CC1=C(C=CC(=C1)C(F)(F)F)C2=NN(C3=C2C(=CC=C3)F)CC(=O)O)C(=O)C4CC4
71222507,23.0,CCN(CC1=C(C=CC(=C1)C(F)(F)F)C2=NN(C3=C2C(=CC=C3)OC)CC(=O)O)C(=O)C4CC4
71223479,9.0,CCN(CC1=C(C=CC(=C1)C(F)(F)F)C2=NN(C3=C2C=C(C=C3)C)CC(=O)O)C(=O)C4CC4
71222570,16.0,CCN(CC1=C(C=CC(=C1)C(F)(F)F)C2=NN(C3=C2C=C(C=C3)Cl)CC(=O)O)C(=O)C4CC4
71222559,15.0,CCN(CC1=C(C=CC(=C1)C(F)(F)F)C2=NN(C3=C2C=C(C=C3)F)CC(=O)O)C(=O)C4CC4
71222534,127.0,CCN(CC1=C(C=CC(=C1)C(F)(F)F)C2=NN(C3=C2C=CC(=C3)F)CC(=O)O)C(=O)C4CC4
71223491,33.0,CCN(CC1=C(C=CC(=C1)C(F)(F)F)C2=NN(C3=CC=CC(=C32)C#N)CC(=O)O)C(=O)C4CC4
71222574,17.0,CCN(CC1=C(C=CC(=C1)C(F)(F)F)C2=NN(C3=CC=CC(=C32)C)CC(=O)O)C(=O)C4CC4
71222598,19.0,CCN(CC1=C(C=CC(=C1)C(F)(F)F)C2=NN(C3=CC=CC=C32)CC(=O)O)C(=O)C4CC4
71226942,119.0,CCN(CC1=C(C=CC(=C1)C(F)(F)F)N2C=C(C3=C2C=C(C=C3)C)CC(=O)O)C(=O)C4CC4
71482495,54.0,CCN(CC1=C(C=CC(=C1)C(F)(F)F)N2C=C(C3=C2N=C(C=C3)C(F)(F)F)CC(=O)O)C(=O)C4CC4
71225985,8.0,CCN(CC1=C(C=CC(=C1)C(F)(F)F)N2C=C(C3=C2N=C(C=C3)C(F)F)CC(=O)O)C(=O)C4CC4
71226066,10.0,CCN(CC1=C(C=CC(=C1)C(F)(F)F)N2C=C(C3=C2N=C(C=C3)C)CC(=O)O)C(=O)C
71225801,97.0,CCN(CC1=C(C=CC(=C1)C(F)(F)F)N2C=C(C3=C2N=C(C=C3)C)CC(=O)O)C(=O)C4=CC=CC=N4
71222485,7.8,CCN(CC1=C(C=CC(=C1)C(F)(F)F)N2C=C(C3=C2N=C(C=C3)C)CC(=O)O)C(=O)C4CC4
71225716,8.5,CCN(CC1=C(C=CC(=C1)C(F)(F)F)N2C=C(C3=C2N=C(C=C3)C)CC(=O)O)C(=O)C4CCC4
71482787,6.0,CCN(CC1=C(C=CC(=C1)C(F)(F)F)N2C=C(C3=C2N=C(C=C3)C)CC(=O)O)C(=O)CC4=CC=CC=C4
71225735,7.0,CCN(CC1=C(C=CC(=C1)C(F)(F)F)N2C=C(C3=C2N=C(C=C3)C)CC(=O)O)C(=O)CC4CC4
71225753,163.0,CCN(CC1=C(C=CC(=C1)C(F)(F)F)N2C=C(C3=C2N=C(C=C3)C)CC(=O)O)C(=O)CN(C)C
71225803,5.0,CCN(CC1=C(C=CC(=C1)C(F)(F)F)N2C=C(C3=C2N=C(C=C3)C)CC(=O)O)C(=O)COC
71225703,4.7,CCN(CC1=C(C=CC(=C1)C(F)(F)F)N2C=C(C3=C2N=C(C=C3)C)CC(=O)O)C(=O)NCC4=CC=CC=C4
71222679,49.0,CCN(CC1=C(C=CC(=C1)C(F)(F)F)N2C=C(C3=C2N=C(C=C3)C4CC4)CC(=O)O)C(=O)C5CC5
71222535,135.0,CCN(CC1=C(C=CC(=C1)C(F)(F)F)N2C=C(C3=C2N=C(C=C3)OC)CC(=O)O)C(=O)C4CC4
71222494,9.0,CCN(CC1=C(C=CC(=C1)C(F)(F)F)N2C=C(C3=C2N=CC=C3)CC(=O)O)C(=O)C4CC4
71223494,37.0,CCN(CC1=C(C=CC(=C1)C(F)(F)F)N2C=C(C3=CC=CC=C32)CC(=O)O)C(=O)C4CC4
71482644,5.8999999999999995,CCN(CC1=C(C=CC(=C1)C)N2C=C(C3=C2N=C(C=C3)C)CC(=O)O)C(=O)C4CC4
53323125,7.0,CCN(CC1=C(C=CC(=C1)C2=CC3=CC=CC=C3N=C2)C4=C(C=CC(=C4)CC(=O)O)OC)C(=O)C5CC5
53325800,4.0,CCN(CC1=C(C=CC(=C1)C2=CN(N=C2)C)C3=C(C=CC(=C3)CC(=O)O)OC)C(=O)C4CC4
50901657,1.7,CCN(CC1=C(C=CC(=C1)C2=CN=C(C=C2)OCC)C3=C(C=CC(=C3)CC(=O)[O-])OC)C(=O)C4CC4.[Na+]
53321816,9.0,CCN(CC1=C(C=CC(=C1)C2=NC=C(C=C2)F)C3=C(C=CC(=C3)CC(=O)O)OC)C(=O)C4CC4
57395680,3.0,CCN(CC1=C(C=CC(=C1)C2=NC=C(C=C2)OC)C3=C(C=CC(=C3)CC(=O)O)OC)C(=O)C4CC4
53323126,18.0,CCN(CC1=C(C=CC(=C1)C2=NC=C(C=N2)OC)C3=C(C=CC(=C3)CC(=O)O)OC)C(=O)C4CC4
71482643,5.2,CCN(CC1=C(C=CC(=C1)Cl)N2C=C(C3=C2N=C(C=C3)C)CC(=O)O)C(=O)C4CC4
44158825,1.0,CCN(CC1=C(C=CC(=C1)F)C2=C(C=CC(=C2)CC(=O)O)OC)C(=O)OCC3=CC=CC=C3
71223526,14.0,CCN(CC1=C(C=CC(=C1)F)C2=CN(C3=C2C=C(C=C3)C(F)(F)F)CC(=O)O)C(=O)C4CC4
71223571,11.0,CCN(CC1=C(C=CC(=C1)F)C2=CN(C3=CC=CC=C32)CC(=O)O)C(=O)C4CC4
71222492,4.7,CCN(CC1=C(C=CC(=C1)F)N2C=C(C3=C2N=C(C=C3)C)CC(=O)O)C(=O)C4CC4
71222510,11.0,CCN(CC1=C(C=CC(=C1)F)N2C=C(C3=C2N=CC=C3)CC(=O)O)C(=O)C4CC4
44158600,7.0,CCN(CC1=C(C=CC(=C1)NC(=O)C)C2=C(C=CC(=C2)CC(=O)O)OC)C(=O)OCC3=CC=CC=C3
53321815,3.0,CCN(CC1=C(C=CC(=C1)NS(=O)(=O)C2=CC=C(C=C2)Cl)C3=C(C=CC(=C3)CC(=O)O)OC)C(=O)OCC4=CC=CC=C4
71225722,5.8,CCN(CC1=C(C=CC(=C1)OC(F)(F)F)N2C=C(C3=C2N=C(C=C3)C)CC(=O)O)C(=O)C4CC4
44158941,5.0,CCN(CC1=C(C=CC(=C1)S(=O)(=O)C)C2=C(C=CC(=C2)CC(=O)O)OC)C(=O)OCC3=CC=CC=C3
71483542,40.0,CCN(CC1=C(C=CC(=C1)S(=O)(=O)C)N2C=C(C3=C2N=C(C=C3)C)CC(=O)O)C(=O)C4CC4
69318895,495.0,CCN(CC1=CC=CC=C1)C(=O)C2=CC(=C(C=C2)OC)CSC3=NC4=C(N3CC(=O)O)C=CC(=C4)F
71470140,240.0,CCN(CC1=CC=CC=C1CC2=C(N(C3=C2C(=O)NCC3)CC(=O)O)C)C(=O)C4CC4
71225916,7.7,CCN(CC1=CC=CC=C1N2C=C(C3=C2C=C(C=C3)C(F)(F)F)CC(=O)O)C(=O)C4CC4
71222531,5.0,CCN(CC1=CC=CC=C1N2C=C(C3=C2N=C(C=C3)C)CC(=O)O)C(=O)C4CC4
70692571,15.0,CCNC(=O)C1=CC(=C(C=C1)OC)CSC2=NC3=C(N2CC(=O)O)C=CC(=C3)F
45486054,2.0,CCNC(=O)C1=CC(=C(C=C1)OC2=C(C=C(C=C2)CC(=O)O)F)NS(=O)(=O)C3=C(C=C(C=C3)Cl)Cl
57391518,200.0,CCNC(=O)C1=CC(=C(C=C1)OC2=C(C=C(C=C2)CC(=O)O)OC)NC(=O)NCC3=CC=C(C=C3)Cl
9872340,3.0,CCNC(=O)C1=CC(=C(C=C1)OC2=C(C=C(C=C2)CC(=O)O)OC)NS(=O)(=O)C3=C(C=C(C=C3)Cl)Cl
45486099,2.0,CCNC(=O)C1=CC(=C(C=C1)OC2=C(C=C(C=C2)CC(=O)O)OCC)NS(=O)(=O)C3=C(C=C(C=C3)Cl)Cl
45486059,740.0,CCNC(=O)C1=CC(=C(C=C1)OC2=C(C=C(C=C2)CCC(=O)O)OC)NS(=O)(=O)C3=C(C=C(C=C3)Cl)Cl
9985715,2.0,CCNC(=O)C1=CC(=C(C=C1)OC2=C(C=C(C=C2OC)CC(=O)O)OC)NS(=O)(=O)C3=C(C=C(C=C3)Cl)Cl
45486043,4.7,CCNC(=O)C1=CC(=C(C=C1)OC2=CC(=CC(=C2)CC(=O)O)Cl)NS(=O)(=O)C3=C(C=C(C(=C3)C)Cl)Cl
45486072,28.0,CCNC(=O)C1=CC(=C(C=C1)OC2=CC(=CC(=C2)CC(=O)O)Cl)NS(=O)(=O)C3=C(C=C(C=C3)C(F)(F)F)Cl
45486056,12.0,CCNC(=O)C1=CC(=C(C=C1)OC2=CC(=CC(=C2)CC(=O)O)Cl)NS(=O)(=O)C3=C(C=C(C=C3)Cl)Cl
45486039,4.0,CCNC(=O)C1=CC(=C(C=C1)OC2=CC(=CC(=C2)CC(=O)O)Cl)NS(=O)(=O)C3=CC(=C(C=C3)C)Cl
45486071,5.0,CCNC(=O)C1=CC(=C(C=C1)OC2=CC(=CC(=C2)CC(=O)O)Cl)NS(=O)(=O)C3=CC=C(C=C3)C
45486015,3.0,CCNC(=O)C1=CC(=C(C=C1)OC2=CC(=CC(=C2)CC(=O)O)Cl)NS(=O)(=O)C3=CC=C(C=C3)Cl
45486057,3.0,CCNC(=O)C1=CC(=C(C=C1)OC2=CC(=CC(=C2)CC(=O)O)Cl)NS(=O)(=O)C3=CC=CC=C3
45486029,4.0,CCNC(=O)C1=CC(=C(C=C1)OC2=CC(=CC(=C2)CC(=O)O)Cl)NS(=O)(=O)C3=CC=CC=C3Cl
45486025,107.0,CCNC(=O)C1=CC(=C(C=C1)OC2=CC=C(C=C2)C(C)C(=O)O)NS(=O)(=O)C3=C(C=C(C=C3)Cl)Cl
45486026,4.0,CCNC(=O)C1=CC(=C(C=C1)OC2=CC=C(C=C2)CC(=O)O)NS(=O)(=O)C3=C(C=C(C=C3)Cl)Cl
45486053,2370.0,CCNC(=O)C1=CC(=C(C=C1)OC2=CC=C(C=C2)CC3=NNN=N3)NS(=O)(=O)C4=C(C=C(C=C4)Cl)Cl
45486073,16.0,CCNC(=O)C1=CC(=C(C=C1)OC2=CC=CC(=C2)CC(=O)O)NS(=O)(=O)C3=C(C=C(C=C3)Cl)Cl
45486052,7.0,CCNC(=O)C1=CC(=C(C=C1)OC2=CC=CC(=C2)CC(=O)O)NS(=O)(=O)C3=CC=C(C=C3)C
45486094,13.0,CCNC(=O)C1=CC(=C(C=C1)OC2=CC=CC(=C2)CC(=O)O)NS(=O)(=O)C3=CC=CC=C3
45486064,16.0,CCNC(=O)NC1=CC(=C(C=C1)OC2=CC=CC(=C2)CC(=O)O)NS(=O)(=O)C3=CC=C(C=C3)Cl
56594784,40.0,CCNS(=O)(=O)C1=CC(=C(C=C1)C)C#CC2=C(C=CC(=C2)Cl)OCC(=O)O
11660316,1010.0,CCOC(=O)CCCCCSC1=NC2=CC=CC=C2N1CC(=O)O
69314812,2360.0,CCOC(=O)CCCCSC1=NC2=CC=CC=C2N1CC(=O)O
69314791,4410.0,CCOC(=O)CCCSC1=NC2=CC=CC=C2N1CC(=O)O
13507348,165.0,CCOC(=O)COC1=C(C=C(C=C1)Br)C(=O)C2=CN(N=C2)C3=CC=CC=C3
69315587,4.0,CCOC1=C(C=C(C=C1)C(=O)C)CSC2=NC3=C(N2CC(=O)O)C=CC(=C3)F
45272761,5.0,CCOC1=C(C=CC(=C1)S(=O)(=O)N2C(=C(C3=C2N=CC=C3)CC(=O)O)C)C#N
11574877,2.5,CCS(=O)(=O)C1=CC(=C(C=C1)C2=C(C=CC(=C2)C(F)(F)F)CCC(=O)O)C
54584709,3981.0,CCS(=O)(=O)C1=CC(=C(C=C1)C2=C(C=CC(=C2)C(F)(F)F)OC(C)(C)C(=O)O)C
54584707|54585643,178.3,CCS(=O)(=O)C1=CC(=C(C=C1)C2=C(C=CC(=C2)C(F)(F)F)OC(C)C(=O)O)C
54586638,0.6,CCS(=O)(=O)C1=CC(=C(C=C1)C2=C(C=CC(=C2)C(F)(F)F)OC(C)C(=O)O)Cl
54581777,5650.0,CCS(=O)(=O)C1=CC(=C(C=C1)C2=C(C=CC(=C2)C(F)(F)F)OCC(=O)N)C
53359023,0.9,CCS(=O)(=O)C1=CC(=C(C=C1)C2=C(C=CC(=C2)C(F)(F)F)OCC(=O)O)C
54583733,0.3,CCS(=O)(=O)C1=CC(=C(C=C1)C2=C(C=CC(=C2)C(F)(F)F)OCC(=O)O)Cl
54585644,891.0,CCS(=O)(=O)C1=CC(=C(C=C1)C2=C(C=CC(=C2)C(F)(F)F)OCC3=NNN=N3)C
11326126,4.1000000000000005,CCS(=O)(=O)C1=CC(=C(C=C1)C2=C(C=CC(=C2)Cl)OCC(=O)O)C
11189402,293.0,CCS(=O)(=O)C1=CC(=C(C=C1)C2=C(C=CC(=C2)Cl)OCC(=O)O)C(F)(F)F
54587659,1.5,CCS(=O)(=O)C1=CC(=C(C=C1)C2=C(C=CC(=C2)Cl)OCC(=O)O)Cl
54585642,7.9,CCS(=O)(=O)C1=CC(=C(C=C1)C2=C(C=CC(=C2)Cl)OCC(=O)O)F
11683632,0.8,CCS(=O)(=O)C1=CC(=C(C=C1)CN2C(=C(C3=C2N=CC=C3)CC(=O)O)C)C(F)(F)F
11704178,1.3,CCS(=O)(=O)C1=CC(=C(C=C1)CN2C(=C(C3=C2N=CC=C3)CC(=O)O)C)Cl
11325699,19.0,CCS(=O)(=O)C1=CC=C(C=C1)C2=C(C=CC(=C2)Cl)OCC(=O)O
11603173,4.0,CCS(=O)(=O)C1=CC=C(C=C1)CN2C(=C(C3=C2N=CC=C3)CC(=O)O)C
11583024,3.5,CCS(=O)(=O)C1=CC=C(C=C1)OC2=C(N(C3=C2C=C(C=C3)C(F)(F)F)CC(=O)O)C
54587656,56.0,CCS(=O)(=O)C1=CC=CC(=C1)C2=C(C=CC(=C2)C(F)(F)F)OCC(=O)O
71471350,550.0,CCS(=O)(=O)C1=CC=CC=C1CC2=C(N(C3=C2C(=O)NCC3)CC(=O)O)C
11495505,36.0,CCS(=O)(=O)NC1=C2C(=CC=C1)N(C(=C2OC3=CC=C(C=C3)Cl)C)CC(=O)O
11382710,8.9,CCSC1=CC=C(C=C1)C2=C(C=CC(=C2)C(F)(F)F)OCC(=O)O
45270144,42.0,CN(C)C1=C(C(=NC(=N1)CC2=CC=C(C=C2)NC(=O)C3=CC=C(C=C3)C(F)(F)F)N(C)C)CC(=O)O
72737017,6.2,CN(C)C1=CC=C(C=C1)C(=O)NC2=CC=C(C=C2)C(=O)C3=NC=C(C4=CC=CC=C43)CC(=O)O
4151299,460.0,CN(C)C1=CC=C(C=C1)C2=NC(=C(S2)CC(=O)O)C3=CC=C(C=C3)Br
46229941,380.0,CN(C)C1=NC=CC(=C1)C2=C(SC(=N2)C(C3=CC=C(C=C3)F)C4=CC=C(C=C4)F)CC(=O)O
46866381,23.0,CN(C)S(=O)(=O)C1=CC(=C(C=C1)F)C#CC2=C(C=CC(=C2)Cl)OCC(=O)O
56595047,289.0,CN(C)S(=O)(=O)C1=CN=CC(=C1)C#CC2=C(C=CC(=C2)Cl)OCC(=O)O
54580766,0.1,CN(C1=CC(=C(C=C1)C2=C(C=CC(=C2)C(F)(F)F)OCC(=O)O)Cl)S(=O)(=O)C
54586636,2.2,CN(C1=CC(=C(C=C1)C2=C(C=CC(=C2)F)OCC(=O)O)Cl)S(=O)(=O)C
71450296,18.0,CN(C1=CC2=C(C=C1)N(C3=CC=CC=C32)CC(=O)O)S(=O)(=O)C4=CC=C(C=C4)F
67007687,210.0,CN(C1=CC=C(C=C1)C(=O)C2=NC=C(C3=CC=CC=C32)CC(=O)O)C(=O)C4=CC(=C(C=C4)Cl)Cl
54585640,0.8,CN(C1=CC=C(C=C1)C2=C(C=CC(=C2)C(F)(F)F)OCC(=O)O)S(=O)(=O)C
71552159,5.0,CN(C1=CC=CC=C1)C(=O)C(=CC2=CN(C3=C2C(=CC=C3)Cl)CC(=O)O)C#N
71552088,10.0,CN(C1=CC=CC=C1)C(=O)C(=CC2=CN(C3=C2C(=CC=C3)F)CC(=O)O)C#N
71552160,7.0,CN(C1=CC=CC=C1)C(=O)C(=CC2=CN(C3=C2C=C(C=C3)Cl)CC(=O)O)C#N
71552089,10.0,CN(C1=CC=CC=C1)C(=O)C(=CC2=CN(C3=C2C=C(C=C3)F)CC(=O)O)C#N
71552161,290.0,CN(C1=CC=CC=C1)C(=O)C(=CC2=CN(C3=C2C=CC(=C3)Cl)CC(=O)O)C#N
71552090,45.0,CN(C1=CC=CC=C1)C(=O)C(=CC2=CN(C3=C2C=CC(=C3)F)CC(=O)O)C#N
71552162,50.0,CN(C1=CC=CC=C1)C(=O)C(=CC2=CN(C3=C2C=CC=C3Cl)CC(=O)O)C#N
71552158,100.0,CN(C1=CC=CC=C1)C(=O)C(=CC2=CN(C3=C2C=CC=C3F)CC(=O)O)C#N
11523333,15.0,CN(C1=CC=CC=C1)C(=O)C(=CC2=CN(C3=CC=CC=C32)CC(=O)O)C#N
45270983,6.0,CN(C1CCC2=C(C1)C3=C(N2CC(=O)O)C=CC=N3)S(=O)(=O)C4=CC=C(C=C4)F
45270987,860.0,CN(C1CCC2=C(C1)C3=C(N2CC(=O)O)C=NC=C3)S(=O)(=O)C4=CC=C(C=C4)F
45270148,457.0,CN(C1CCC2=C(C1)C3=C(N2CC(=O)O)N=CC=C3)S(=O)(=O)C4=CC=C(C=C4)F
11384493|25817650,2.4,CN(C1CCC2=C(C1)C3=CC=CC=C3N2CC(=O)O)S(=O)(=O)C4=CC=C(C=C4)F
9802748,15.0,CN(C1CCC2=C(C1)C3=CC=CC=C3N2CCC(=O)O)S(=O)(=O)C4=CC=C(C=C4)F
45272704,96.0,CN(C1CCC2=C(C1)C3=NC=CN=C3N2CC(=O)O)S(=O)(=O)C4=CC=C(C=C4)F
45269307,1.0,CN(C1CCC2=C(C1)C3C=CC=CC3N2CC(=O)O)S(=O)(=O)C4=CC=C(C=C4)F
45272700,18.0,CN(C1CCC2=C(C1)N3C=CC=CC3=C2CC(=O)O)S(=O)(=O)C4=CC=C(C=C4)F
53319320,1.1,CN(C1CCC2=C(C3=C(N2C1)C(=C(C=C3)F)F)CC(=O)O)S(=O)(=O)C4=CC=C(C=C4)F
53323266,9.9,CN(C1CCC2=C(C3=C(N2C1)C(=CC(=C3)F)F)CC(=O)O)S(=O)(=O)C4=CC=C(C=C4)F
53325908,1.8,CN(C1CCC2=C(C3=C(N2C1)C(=CC=C3)F)CC(=O)O)S(=O)(=O)C4=CC=C(C=C4)F
53316653,9.0,CN(C1CCC2=C(C3=C(N2C1)C=C(C=C3)C#N)CC(=O)O)S(=O)(=O)C4=CC=C(C=C4)F
53324589,3.6,CN(C1CCC2=C(C3=C(N2C1)C=C(C=C3)C(F)(F)F)CC(=O)O)S(=O)(=O)C4=CC=C(C=C4)F
53320616,4.5,CN(C1CCC2=C(C3=C(N2C1)C=C(C=C3)C4=CC=CC=C4)CC(=O)O)S(=O)(=O)C5=CC=C(C=C5)F
53317958,3.0,CN(C1CCC2=C(C3=C(N2C1)C=C(C=C3)Cl)CC(=O)O)S(=O)(=O)C4=CC=C(C=C4)F
53317957,1.4,CN(C1CCC2=C(C3=C(N2C1)C=C(C=C3)F)CC(=O)O)S(=O)(=O)C4=CC=C(C=C4)F
53325907,5.0,CN(C1CCC2=C(C3=C(N2C1)C=C(C=C3)S(=O)(=O)C)CC(=O)O)S(=O)(=O)C4=CC=C(C=C4)F
53321923,24.0,CN(C1CCC2=C(C3=C(N2C1)C=C(C=C3Cl)Cl)CC(=O)O)S(=O)(=O)C4=CC=C(C=C4)F
53320595,3.0,CN(C1CCC2=C(C3=C(N2C1)C=CC(=C3)F)CC(=O)O)S(=O)(=O)C4=CC=C(C=C4)F
53323246,26.5,CN(C1CCC2=C(C3=C(N2C1)C=CC=C3F)CC(=O)O)S(=O)(=O)C4=CC=C(C=C4)F
53321784,351.0,CN(C1CCC2=C(C3=C(N2C1)C=NC=C3)CC(=O)O)S(=O)(=O)C4=CC=C(C=C4)F
53324462,3.6,CN(C1CCC2=C(C3=C(N2C1)N=C(C=C3)C4=CC=C(C=C4)F)CC(=O)O)S(=O)(=O)C5=CC=C(C=C5)F
53321785,3.2,CN(C1CCC2=C(C3=C(N2C1)N=C(C=C3)Cl)CC(=O)O)S(=O)(=O)C4=CC=C(C=C4)F
53317854,3.1,CN(C1CCC2=C(C3=C(N2C1)N=CC=C3)CC(=O)O)C(=O)C4(CC4)C5=CC=C(C=C5)F
45110108,1.2,CN(C1CCC2=C(C3=C(N2C1)N=CC=C3)CC(=O)O)C(=O)C4(CCC4)C5=CC=C(C=C5)F
45110109,3.4,CN(C1CCC2=C(C3=C(N2C1)N=CC=C3)CC(=O)O)C(=O)C4(CCCC4)C5=CC=C(C=C5)F
45109988,7.0,CN(C1CCC2=C(C3=C(N2C1)N=CC=C3)CC(=O)O)C(=O)C4(CCOCC4)C5=CC=C(C=C5)F
51003549,3.4,CN(C1CCC2=C(C3=C(N2C1)N=CC=C3)CC(=O)O)S(=O)(=O)C4=CC=C(C=C4)F
53317569,5.7,CN(C1CCC2=C(C3=CC(=C(C=C3N2C1)Cl)F)CC(=O)O)S(=O)(=O)C4=CC=C(C=C4)F
53316671,3.8,CN(C1CCC2=C(C3=CC(=C(C=C3N2C1)F)F)CC(=O)O)S(=O)(=O)C4=CC=C(C=C4)F
54587623,2.0,CN(C1CCC2=C(C3=CC=CC=C3N2C1)CC(=O)O)C(=O)C4(CC4)C5=CC=C(C=C5)F
53248760,4.0,CN(C1CCC2=C(C3=CC=CC=C3N2C1)CC(=O)O)C(=O)C4(CCC4)C5=CC=C(C=C5)F
54580721,4.0,CN(C1CCC2=C(C3=CC=CC=C3N2C1)CC(=O)O)C(=O)C4(CCCC4)C5=CC=C(C=C5)F
54582729,8.0,CN(C1CCC2=C(C3=CC=CC=C3N2C1)CC(=O)O)C(=O)C4(CCOCC4)C5=CC=C(C=C5)F
54581745,2100.0,CN(C1CCC2=C(C3=CC=CC=C3N2C1)CC(=O)O)C(=O)C4=CC5=CC=CC=C5C=C4
54582719,2500.0,CN(C1CCC2=C(C3=CC=CC=C3N2C1)CC(=O)O)C(=O)C4=CC=C(C=C4)F
54584664,540.0,CN(C1CCC2=C(C3=CC=CC=C3N2C1)CC(=O)O)C(=O)C4=CC=CC5=CC=CC=C54
54581746,3700.0,CN(C1CCC2=C(C3=CC=CC=C3N2C1)CC(=O)O)C(=O)C4CC5=CC=CC=C45
54587620,810.0,CN(C1CCC2=C(C3=CC=CC=C3N2C1)CC(=O)O)C(=O)C4CCC5=CC=CC=C45
54584672,630.0,CN(C1CCC2=C(C3=CC=CC=C3N2C1)CC(=O)O)C(=O)C4CCCC4
54580742,140.0,CN(C1CCC2=C(C3=CC=CC=C3N2C1)CC(=O)O)C(=O)C4CCCC5=CC=CC=C45
54583706,12.0,CN(C1CCC2=C(C3=CC=CC=C3N2C1)CC(=O)O)C(=O)CC4=CC=C(C=C4)F
54582728,25.0,CN(C1CCC2=C(C3=CC=CC=C3N2C1)CC(=O)O)C(=O)CC4=CC=CC=C4
53324111,214.0,CN(C1CCC2=C(C3=CC=CC=C3N2C1)CC(=O)O)S(=O)(=O)C4=CC=C(C=C4)C(F)(F)F
53321924,8.5,CN(C1CCC2=C(C3=CC=CC=C3N2C1)CC(=O)O)S(=O)(=O)C4=CC=C(C=C4)Cl
45268455|53320594,163.6,CN(C1CCC2=C(C3=CC=CC=C3N2C1)CC(=O)O)S(=O)(=O)C4=CC=C(C=C4)F
53319322,5.5,CN(C1CCC2=C(C3=CC=CC=C3N2C1)CC(=O)O)S(=O)(=O)C4=CC=C(C=C4)OC
53320618,13.0,CN(C1CCC2=C(C3=CC=CC=C3N2C1)CC(=O)O)S(=O)(=O)C4=CC=C(S4)Cl
53325910,33.0,CN(C1CCC2=C(C3=CC=CC=C3N2C1)CC(=O)O)S(=O)(=O)C4=CC=CC(=C4)F
53317977,12.0,CN(C1CCC2=C(C3=CC=CC=C3N2C1)CC(=O)O)S(=O)(=O)C4=CC=CC=C4
53325909,22.0,CN(C1CCC2=C(C3=CC=CC=C3N2C1)CC(=O)O)S(=O)(=O)C4=CC=CC=C4F
53316673,308.0,CN(C1CCC2=C(C3=CC=CC=C3N2C1)CC(=O)O)S(=O)(=O)C4=CC=CC=N4
53321925,25.0,CN(C1CCC2=C(C3=CC=CC=C3N2C1)CC(=O)O)S(=O)(=O)CC4=CC=C(C=C4)F
45268456,61.0,CN(C1CCC2=C(N3C=CC=CC3=C2C1)CC(=O)O)S(=O)(=O)C4=CC=C(C=C4)F
44159529,4.0,CN(CC1=C(C=CC(=C1)C(F)(F)F)C2=C(C=CC(=C2)CC(=O)O)OC)C(=O)OCC3=CC=CC=C3
68011817,47.0,CN1C(=O)N(C(=O)C12C3=C(C=CC(=C3)Cl)N(C2=O)CC(=O)O)CC4=C(C=CC(=C4)Cl)F
67496929,3940.0,CN1C(=O)N(C(=O)C12C3=C(C=CC(=C3)Cl)N(C2=O)CC(=O)O)CC4=CSC(=N4)C5=CC=CC=C5
626746,794.0,CN1C2=CC=CC=C2C(=C1CC(=O)O)SC3=CC=CC=C3
46229798,1300.0,CN1C=C(C=N1)C2=C(SC(=N2)C(C3=CC=C(C=C3)F)C4=CC=C(C=C4)F)CC(=O)O
53325912,63.0,CN1C=C(C=N1)S(=O)(=O)N(C)C2CCC3=C(C4=CC=CC=C4N3C2)CC(=O)O
90644207,18.0,CN1C=CC2=C1C=CC(=C2NS(=O)(=O)C3=C(C=C(C=C3)Cl)Cl)OC4=C(C=C(C=C4)CC(=O)O)OC
46229940,25.0,CNC1=NC=CC(=C1)C2=C(SC(=N2)C(C3=CC=C(C=C3)F)C4=CC=C(C=C4)F)CC(=O)O
69314646,980.0,COC(=O)C1=C(C=CC(=C1)CSC2=NC3=CC=CC=C3N2CC(=O)O)Br
11662033,45.0,COC(=O)C1=CC(=C(C=C1)Br)CSC2=NC3=CC=CC=C3N2CC(=O)O
11532160,330.0,COC(=O)C1=CC(=CC(=C1)CSC2=NC3=CC=CC=C3N2CC(=O)O)Br
11610095,450.0,COC(=O)C1=CC=CC(=C1)CSC2=NC3=CC=CC=C3N2CC(=O)O
69313615,2900.0,COC(=O)C1=CC=CC(=C1Br)CSC2=NC3=CC=CC=C3N2CC(=O)O
69457082,520.0,COC(=O)C1=CC=CC=C1CSC2=NC3=CC=CC=C3N2CC(=O)O
69316151,1.7,COC1=C(C=C(C=C1)C(=O)C2=CC=CC=C2)CSC3=NC4=C(N3CC(=O)O)C=CC(=C4)F
11670392,3.0,COC1=C(C=C(C=C1)C(=O)N2CCC3=CC=CC=C32)CSC4=NC5=C(N4CC(=O)O)C=CC(=C5)F
69319508,91.0,COC1=C(C=C(C=C1)C(=O)N2CCOCC2)CSC3=NC4=C(N3CC(=O)O)C=CC(=C4)F
69319458,59.0,COC1=C(C=C(C=C1)C(=O)NCC2=CC=CC=C2)CSC3=NC4=C(N3CC(=O)O)C=CC(=C4)F
11696710,29.0,COC1=C(C=C(C=C1)C(=O)OC)CSC2=NC3=CC=CC=C3N2CC(=O)O
59644763,140.0,COC1=C(C=C(C=C1)CC(=O)O)C(=O)C2=CC=CC=C2NS(=O)(=O)C3=C(C=C(C=C3)Cl)Cl
44159648,4.0,COC1=C(C=C(C=C1)CC(=O)O)C2=C(C=C(C=C2)C(F)(F)F)CN(C3CC3)C(=O)OCC4=CC=CC=C4
44159647,4.0,COC1=C(C=C(C=C1)CC(=O)O)C2=C(C=C(C=C2)C(F)(F)F)CN(C3CCC3)C(=O)OCC4=CC=CC=C4
44195251,11.0,COC1=C(C=C(C=C1)CC(=O)O)C2=C(C=C(C=C2)C(F)(F)F)CN(C3CCCC3)C(=O)OCC4=CC=CC=C4
56924869,8.0,COC1=C(C=C(C=C1)CC(=O)O)C2=C(C=C(C=C2)C(F)(F)F)CN(CC3=CC=CC=C3)C(=O)OC
56924870,24.0,COC1=C(C=C(C=C1)CC(=O)O)C2=C(C=C(C=C2)C(F)(F)F)CN(CCC3=CC=CC=C3)C(=O)OC
44207788,45.0,COC1=C(C=C(C=C1)CC(=O)O)C2=C(C=C(C=C2)C(F)(F)F)CNC(=O)OCC3=CC=CC=C3
54673217,3400.0,COC1=C(C=C(C=C1)CC(=O)O)C2=C(C=C(C=C2)C(F)(F)F)CNCCC3=CC=CC=C3
70695721,29.0,COC1=C(C=C(C=C1)CC(=O)O)C2=NCC(=O)N(C3=CC=CC=C32)CC4=C(C=C(C=C4)Cl)Cl
70695720,6.0,COC1=C(C=C(C=C1)CC(=O)O)C2=NCC(=O)N(C3=CC=CC=C32)CC4=CC(=C(C=C4)F)F
70689410,8.0,COC1=C(C=C(C=C1)CC(=O)O)C2=NCC(=O)N(C3=CC=CC=C32)CC4=CC(=CC=C4)Cl
70693612,30.0,COC1=C(C=C(C=C1)CC(=O)O)C2=NCC(=O)N(C3=CC=CC=C32)CC4=CC=C(C=C4)C(F)(F)F
70693611,7.0,COC1=C(C=C(C=C1)CC(=O)O)C2=NCC(=O)N(C3=CC=CC=C32)CC4=CC=C(C=C4)Cl
53495002,3.0,COC1=C(C=C(C=C1)CC(=O)O)C2=NCC(=O)N(C3=CC=CC=C32)CC4=CC=C(C=C4)F
70691517,70.0,COC1=C(C=C(C=C1)CC(=O)O)C2=NCC(=O)N(C3=CC=CC=C32)CC4=CC=C(C=C4)OC(F)(F)F
59644708,5.0,COC1=C(C=C(C=C1)CC(=O)O)C2=NCC(=O)N(C3=CC=CC=C32)CC4=CC=CC=C4
46229759,330.0,COC1=C(C=C(C=C1)CC2=NC(=C(S2)CC(=O)O)C3=CC=CC=C3)OC
46230284,9400.0,COC1=C(C=C(C=C1)Cl)C2=C(SC(=N2)C(C3=CC=CC=C3)C4=CC=CC=C4)CC(=O)O
70686261,740.0,COC1=C(C=C(C=C1)Cl)CSC2=NC3=CC=CC=C3N2CC(=O)O
67242411,27.0,COC1=C(C=CC(=C1)CC(=O)O)OC2=C(C3=C(C=C2)NC(=C3)C#N)NS(=O)(=O)C4=C(C=C(C=C4)Cl)Cl
59864915,8.0,COC1=C(C=CC(=C1)CC(=O)O)OC2=C(C3=C(C=C2)NC(=C3)C4CC4)NS(=O)(=O)C5=C(C=C(C=C5)Cl)Cl
90479860,3.0,COC1=C(C=CC(=C1)CC(=O)O)OC2=C(C3=C(C=C2)NC(=O)C3)NS(=O)(=O)C4=C(C=C(C=C4)Cl)Cl
45486021,4.0,COC1=C(C=CC(=C1)CC(=O)O)OC2=C(C=C(C=C2)C(=O)NC3CC3)NS(=O)(=O)C4=C(C=C(C=C4)Cl)Cl
57398523,5.0,COC1=C(C=CC(=C1)CC(=O)O)OC2=C(C=C(C=C2)C(=O)NC3CCC3)CS(=O)(=O)C4=C(C=C(C=C4)Cl)Cl
57400456,4.0,COC1=C(C=CC(=C1)CC(=O)O)OC2=C(C=C(C=C2)C(=O)NC3CCC3)NS(=O)(=O)C4=C(C=C(C=C4)C(F)(F)F)Cl
45486030,3.0,COC1=C(C=CC(=C1)CC(=O)O)OC2=C(C=C(C=C2)C(=O)NC3CCC3)NS(=O)(=O)C4=C(C=C(C=C4)Cl)Cl
45486038,6.0,COC1=C(C=CC(=C1)CC(=O)O)OC2=C(C=C(C=C2)C(=O)NC3CCCC3)NS(=O)(=O)C4=C(C=C(C=C4)Cl)Cl
70684120,1600.0,COC1=CC(=C(C=C1)OC)CSC2=NC3=CC=CC=C3N2CC(=O)O
45486017,1400.0,COC1=CC(=C(C=C1)OC2=CC=CC(=C2)CC(=O)O)NS(=O)(=O)C3=CC=CC=C3
44417463,151.0,COC1=CC(=C(C=C1)OCC(=O)O)C(=O)C2=CN(N=C2)C3=CC=CC=C3
11631965,62.0,COC1=CC2=C(C=C1)N(C3=C2CN(CC3)C(=O)C4=CC=CC=C4)CC(=O)O
56951184,5.5,COC1=CC=C(C=C1)C(=O)N(CCCC2=CC(=CC=C2)OCC(=O)O)CCC(C3=CC=CC=C3)C4=CC=CC=C4
70691975,7.3,COC1=CC=C(C=C1)C(=O)NC2=CC=C(C=C2)C(=O)C3=NC=C(C4=CC=CC=C43)CC(=O)O
57394761,5.8,COC1=CC=C(C=C1)C(C2=CC=C(C=C2)OC)C3=CN(C(=O)C=C3)CCCC4=CC(=CC=C4)OCC(=O)O
11648347,3.9,COC1=CC=C(C=C1)C(C2=CC=C(C=C2)OC)C3=NC(=C(S3)CC(=O)O)C4=CC=C(C=C4)F
11561470,8.4,COC1=CC=C(C=C1)C(C2=CC=CC=C2)C3=NC(=C(S3)CC(=O)O)C4=CC=C(C=C4)Cl
11697751,3.6,COC1=CC=C(C=C1)C(C2=CC=CC=C2)C3=NC(=C(S3)CC(=O)O)C4=CC=C(C=C4)F
46230188,61.0,COC1=CC=C(C=C1)C(C2=CC=CC=N2)C3=NC(=C(S3)CC(=O)O)C4=CC=C(C=C4)Cl
11416126,251.0,COC1=CC=C(C=C1)C2=C(C=CC(=C2)C(F)(F)F)OCC(=O)O
46230282,370.0,COC1=CC=C(C=C1)C2=C(SC(=N2)C(C3=CC=CC=C3)C4=CC=CC=C4)CC(=O)O
4151303,210.0,COC1=CC=C(C=C1)C2=C(SC(=N2)C3=CC=C(C=C3)Cl)CC(=O)O
4151301,4100.0,COC1=CC=C(C=C1)C2=C(SC(=N2)C3=CC=C(C=C3)OC)CC(=O)O
46230235,470.0,COC1=CC=C(C=C1)C2=C(SC(=N2)C3=CC=C(C=C3)OC4=CC=CC=C4)CC(=O)O
4261307,7000.0,COC1=CC=C(C=C1)C2=C(SC(=N2)C3=CC=CC=C3)CC(=O)O
46230522,360.0,COC1=CC=C(C=C1)C2=C(SC(=N2)CC3=CC=C(C=C3)Cl)CC(=O)O
23800745,1900.0,COC1=CC=C(C=C1)C2=C(SC(=N2)NC3=CC=CC=C3)CC(=O)O
46229808,72.0,COC1=CC=C(C=C1)C2=CC=CC=C2CC3=NC(=C(S3)CC(=O)O)C4=CC=C(C=C4)F
44417473,1580.0,COC1=CC=C(C=C1)C2=CN=NC(=N2)NN=CC3=CC=CC=C3OCC(=O)O
4151295,390.0,COC1=CC=C(C=C1)C2=NC(=C(S2)CC(=O)O)C3=CC=C(C=C3)Br
46230233,820.0,COC1=CC=C(C=C1)C2=NC(=C(S2)CC(=O)O)C3=CC=CC=C3
70688380,210.0,COC1=CC=C(C=C1)CSC2=NC3=CC=CC=C3N2CC(=O)O
16660291,0.25999999999999995,COC1=CC=C(C=C1)N(C2=CC=C(C=C2)OC)C3=NC(=C(S3)CC(=O)O)C4=CC(=CC=C4)F
46880247,2790.0,COC1=CC=C(C=C1)N(C2=CC=C(C=C2)OC)C3=NC=C(C(=N3)C4=CC(=CC=C4)F)CC(=O)O
44417446,3.6,COC1=CC=C(C=C1)N2C=C(C=N2)C(=O)C3=C(C=CC(=C3)Br)OCC(=O)O
4100224,940.0,COC1=CC=C(C=C1)NC2=NC(=C(S2)CC(=O)O)C3=CC=CC=C3
46229852,40.0,COC1=CC=CC(=C1)C2=CC=CC=C2CC3=NC(=C(S3)CC(=O)O)C4=CC=C(C=C4)F
24776304,18.0,COC1=CC=CC(=C1)CN2C(=O)CC3(C2=O)C4=C(C=CC(=C4)Cl)N(C3=O)CC(=O)O
70681999,72.0,COC1=CC=CC(=C1)CSC2=NC3=CC=CC=C3N2CC(=O)O
46229853,170.0,COC1=CC=CC=C1C2=CC=CC=C2CC3=NC(=C(S3)CC(=O)O)C4=CC=C(C=C4)F
4151297,350.0,COC1=CC=CC=C1C2=NC(=C(S2)CC(=O)O)C3=CC=C(C=C3)Br
69318939,1100.0,COC1=CC=CC=C1CSC2=NC3=CC=CC=C3N2CC(=O)O
46230336,310.0,COC1=CC=CC=C1NC2=NC(=C(S2)CC(=O)O)C3=CC=C(C=C3)C4=CC=CC=C4
1208785,450.0,COC1=CC=CC=C1NC2=NC(=C(S2)CC(=O)O)C3=CC=C(C=C3)Cl
29264684,1500.0,COC1=CC=CC=C1NC2=NC(=C(S2)CC(=O)O)C3=CC=C(C=C3)F
3145349,49.0,COC1=CC=CC=C1NC2=NC(=C(S2)CC(=O)O)C3=CC=C(C=C3)OC4=CC=CC=C4
46229884,29.0,COC1=NC=CC(=C1)C2=C(SC(=N2)C(C3=CC=C(C=C3)F)C4=CC=C(C=C4)F)CC(=O)O
56959565,79.69999999999999,COCC1(CC(=NO1)C2=CC3=C(C=C2)C(=O)N(C(=N3)CCCCC(=O)O)C4=CC=C(C=C4)F)C5=CC=CC=C5
54581776,0.2,CS(=O)(=O)C1=CC(=C(C=C1)C2=C(C=CC(=C2)C(F)(F)F)OCC(=O)O)Cl
54586637,0.6,CS(=O)(=O)C1=CC(=C(C=C1)C2=C(C=CC(=C2)Cl)OCC(=O)O)Cl
46866074,26.0,CS(=O)(=O)C1=CC(=C(C=C1)Cl)C#CC2=C(C=CC(=C2)Cl)OCC(=O)O
56594648,95.0,CS(=O)(=O)C1=CC(=C(C=C1)F)C#CC2=C(C=CC(=C2)Cl)OCC(=O)O
54586635,541.0,CS(=O)(=O)C1=CC(=C(C=C1)OCC(=O)O)C2=CC=CC=C2
54580765,36.0,CS(=O)(=O)C1=CC=C(C=C1)C2=C(C=CC(=C2)C(F)(F)F)OCC(=O)O
66853985,57.0,CS(=O)(=O)C1=CC=C(C=C1)CN(C2=CC(=CC(=C2)C3=NNN=N3)F)C(=O)C4CCCC4
66854102,3.7,CS(=O)(=O)C1=CC=C(C=C1)CN(C2=CC(=CC(=C2)C3=NNN=N3)F)C(=O)CC4=CC=CC=C4
16660134,2.0,CS(=O)(=O)C1=CC=C(C=C1)N(C2=CC=CC=C2)C3=NC(=C(S3)CC(=O)O)C4=CC=C(C=C4)F
53324952,5000.0,CS(=O)(=O)C1=CC=C(C=C1)S(=O)(=O)N2C=C(C3=C2C=CS3)CC(=O)O
44189138,4000.0,CS(=O)(=O)C1=CC=C(C=C1)S(=O)(=O)N2C=C(C3=C2SC=C3)CC(=O)O
46230514,590.0,CS(=O)(=O)C1=CC=CC(=C1)C2=C(SC(=N2)C(C3=CC=C(C=C3)F)C4=CC=C(C=C4)F)CC(=O)O
46229750,40.0,CS(=O)(=O)NC1=CC=CC(=C1)C2=C(SC(=N2)C(C3=CC=C(C=C3)F)C4=CC=C(C=C4)F)CC(=O)O
